id,first_name,last_name,email,gender,ip_address
1,Alisander,Cosyns,acosyns0@merriam-webster.com,United States,36.234.125.61
2,Andree,Gammie,agammie1@vk.com,Indonesia,150.29.65.209
3,Killie,De Domenicis,kdedomenicis2@google.co.jp,Zimbabwe,176.78.157.80
4,Cy,Gotter,cgotter3@bandcamp.com,Russia,156.226.168.38
5,Koressa,Possek,kpossek4@php.net,Tanzania,192.58.105.106
6,Wendie,Golds,wgolds5@odnoklassniki.ru,Indonesia,206.116.26.147
7,Pail,Forsyth,pforsyth6@histats.com,Iran,68.124.133.128
8,Arte,Arckoll,aarckoll7@constantcontact.com,China,155.221.163.230
9,Shalom,Haimes,shaimes8@eepurl.com,China,136.61.160.105
10,Morey,Lettson,mlettson9@friendfeed.com,Micronesia,198.227.10.203
11,Giuditta,Mollin,gmollina@thetimes.co.uk,Ukraine,47.217.45.175
12,Bridie,Gomby,bgombyb@multiply.com,Ireland,207.230.104.146
13,Jayme,Hallyburton,jhallyburtonc@yellowbook.com,United States,26.177.193.25
14,Callean,Delacroux,cdelacrouxd@is.gd,France,11.14.39.249
15,Michaella,Oxby,moxbye@shinystat.com,France,198.24.142.153
16,Carlene,Frick,cfrickf@skype.com,China,19.216.109.92
17,Silvia,MacNeilly,smacneillyg@reverbnation.com,China,91.76.126.62
18,Christyna,Caldron,ccaldronh@uiuc.edu,Indonesia,7.60.73.133
19,Phil,Bartot,pbartoti@ask.com,China,56.94.184.150
20,Violet,Seton,vsetonj@fema.gov,Albania,107.128.77.26
21,Nap,Dunkerley,ndunkerleyk@fda.gov,Portugal,147.218.27.75
22,Jereme,Germain,jgermainl@mysql.com,Sweden,199.75.83.199
23,Gus,Finnes,gfinnesm@typepad.com,Japan,73.174.4.80
24,Willy,Warcup,wwarcupn@yellowpages.com,Brazil,102.73.161.206
25,Ladonna,Quant,lquanto@nba.com,China,232.16.20.135
26,Ferrel,Duer,fduerp@1688.com,Vietnam,229.152.208.199
27,Jakie,Worledge,jworledgeq@fda.gov,Ukraine,3.223.171.240
28,Moyna,Litterick,mlitterickr@booking.com,Pakistan,90.144.10.12
29,Emlyn,Izzat,eizzats@cdc.gov,Indonesia,138.34.196.197
30,Jermaine,McCrillis,jmccrillist@nbcnews.com,Indonesia,92.237.25.249
31,Alexio,Janes,ajanesu@washingtonpost.com,Portugal,81.193.134.66
32,Reece,Twiddell,rtwiddellv@weibo.com,Norway,58.88.140.171
33,Corine,Trusslove,ctrusslovew@yellowbook.com,China,172.40.68.208
34,Siouxie,Hinksen,shinksenx@parallels.com,Guatemala,164.51.219.22
35,Kele,Buckoke,kbuckokey@comcast.net,Honduras,252.23.34.167
36,Kare,Culcheth,kculchethz@dagondesign.com,Japan,62.108.228.49
37,Stevena,Buttel,sbuttel10@gravatar.com,Papua New Guinea,41.255.243.26
38,Nicolette,McDoual,nmcdoual11@oracle.com,China,3.188.71.205
39,Chanda,Somers,csomers12@sina.com.cn,Indonesia,186.233.22.78
40,Armstrong,Estcot,aestcot13@t.co,Venezuela,10.169.13.53
41,Brod,Allsepp,ballsepp14@ibm.com,Syria,51.174.98.157
42,Donavon,Sargeaunt,dsargeaunt15@noaa.gov,Canada,9.219.63.2
43,Fraze,Vaulkhard,fvaulkhard16@gnu.org,Russia,143.227.5.216
44,Ronald,Kordt,rkordt17@lulu.com,China,114.216.96.205
45,Reyna,Clarridge,rclarridge18@blogspot.com,Indonesia,150.239.38.248
46,Mose,Petrus,mpetrus19@bloglovin.com,China,57.196.214.156
47,Moore,Doniso,mdoniso1a@woothemes.com,Syria,97.91.231.172
48,Ellery,Gaiter,egaiter1b@washingtonpost.com,Poland,228.176.169.60
49,Blake,Smillie,bsmillie1c@artisteer.com,Egypt,242.175.35.138
50,Renie,Rickell,rrickell1d@spiegel.de,Sweden,178.167.233.103
51,Gilli,Lewsam,glewsam1e@imdb.com,Mexico,153.20.37.186
52,Stanfield,Fuggles,sfuggles1f@senate.gov,Yemen,128.26.90.10
53,Gerhard,Prosser,gprosser1g@youku.com,Philippines,226.141.78.200
54,Asa,Deneve,adeneve1h@huffingtonpost.com,Ukraine,173.252.162.4
55,Scotti,Maskell,smaskell1i@thetimes.co.uk,United States,85.112.166.149
56,Ree,Signori,rsignori1j@icio.us,Indonesia,92.206.172.61
57,Eula,Harrismith,eharrismith1k@altervista.org,China,69.43.19.119
58,Shelly,Cardillo,scardillo1l@biglobe.ne.jp,France,79.97.111.163
59,Vivian,Turfitt,vturfitt1m@addtoany.com,China,144.31.160.162
60,Zorah,Urlin,zurlin1n@sciencedaily.com,China,74.105.184.132
61,Richy,Hedworth,rhedworth1o@plala.or.jp,Armenia,13.127.210.79
62,Hale,Boothebie,hboothebie1p@example.com,Vietnam,22.2.222.113
63,Bobby,Snadden,bsnadden1q@aol.com,Indonesia,101.29.0.23
64,Ivett,Woodington,iwoodington1r@digg.com,France,140.78.44.15
65,Desirae,Merigot,dmerigot1s@google.ca,Dominican Republic,163.236.23.48
66,Humphrey,Trow,htrow1t@livejournal.com,China,110.184.206.210
67,Adelaida,Estcot,aestcot1u@mapy.cz,China,111.102.246.173
68,Keefer,Filmer,kfilmer1v@mlb.com,Yemen,237.172.74.222
69,Ingram,Langcaster,ilangcaster1w@imgur.com,Nepal,116.27.69.99
70,Simeon,Andrzejczak,sandrzejczak1x@bbc.co.uk,Czech Republic,79.172.51.117
71,Theresa,Yearby,tyearby1y@hatena.ne.jp,Indonesia,83.176.4.122
72,Christy,Money,cmoney1z@deviantart.com,Peru,67.59.211.42
73,Elyse,Griffe,egriffe20@t.co,Russia,234.185.161.44
74,Leland,Haddy,lhaddy21@soundcloud.com,Ukraine,100.215.180.222
75,Augustina,Coggins,acoggins22@amazon.com,Norway,213.38.157.240
76,Tab,Richter,trichter23@prlog.org,France,190.81.4.224
77,Rory,Mancell,rmancell24@nsw.gov.au,Philippines,182.173.5.220
78,Beaufort,Piletic,bpiletic25@yellowbook.com,United States,17.41.67.72
79,Trixi,Backshell,tbackshell26@statcounter.com,Sweden,226.248.27.40
80,Graig,Lashmore,glashmore27@army.mil,Switzerland,129.116.20.185
81,Diane,Caherny,dcaherny28@toplist.cz,Ukraine,196.61.10.148
82,Quinn,Bagott,qbagott29@marriott.com,Mexico,237.253.42.171
83,Mufi,Harkin,mharkin2a@google.fr,China,48.253.198.253
84,Kelby,Winterbotham,kwinterbotham2b@shutterfly.com,China,17.167.69.110
85,Henrietta,Anstice,hanstice2c@fc2.com,Colombia,71.116.175.69
86,Lolita,Monger,lmonger2d@wunderground.com,Indonesia,233.63.206.247
87,Cindy,Keenor,ckeenor2e@shop-pro.jp,China,54.200.72.242
88,Keen,Whiting,kwhiting2f@japanpost.jp,Russia,143.143.238.128
89,Royce,Cressey,rcressey2g@globo.com,France,77.227.172.63
90,Leona,Unstead,lunstead2h@dmoz.org,Philippines,58.89.178.112
91,Martyn,Phillip,mphillip2i@hatena.ne.jp,Saudi Arabia,19.35.240.248
92,Joice,Tupman,jtupman2j@discovery.com,Morocco,84.109.160.127
93,Sean,Cristofalo,scristofalo2k@shop-pro.jp,China,119.207.12.80
94,Jeanette,Alsop,jalsop2l@nature.com,France,19.10.13.183
95,Mareah,Covelle,mcovelle2m@squarespace.com,Peru,39.205.45.46
96,Carlen,Belfrage,cbelfrage2n@hibu.com,Russia,200.248.131.20
97,Eberhard,Denyer,edenyer2o@nationalgeographic.com,Finland,231.0.193.169
98,Ronnie,Ranking,rranking2p@bloomberg.com,Philippines,191.154.52.99
99,Dexter,Mossman,dmossman2q@sogou.com,Portugal,126.46.169.45
100,Dun,Rolse,drolse2r@slate.com,China,0.213.142.241
101,Candie,Snufflebottom,csnufflebottom2s@slideshare.net,Poland,190.224.241.215
102,Shepherd,Bierling,sbierling2t@creativecommons.org,United States,98.161.162.254
103,Brennen,Turban,bturban2u@furl.net,Jordan,154.231.90.212
104,Stacee,Kuhndel,skuhndel2v@msn.com,Czech Republic,65.35.162.223
105,Burke,Mugleston,bmugleston2w@bizjournals.com,Poland,233.20.136.244
106,Adorne,Romaint,aromaint2x@surveymonkey.com,Indonesia,121.77.213.138
107,Rodie,Winterbourne,rwinterbourne2y@harvard.edu,Tunisia,102.15.161.10
108,Emmey,Attreed,eattreed2z@army.mil,Nigeria,127.247.180.229
109,Dorey,Nott,dnott30@ameblo.jp,Portugal,97.139.118.111
110,Mayne,Widocks,mwidocks31@e-recht24.de,Nigeria,67.213.173.193
111,Royall,Yea,ryea32@yellowbook.com,Indonesia,45.128.18.93
112,Cynde,Goadbie,cgoadbie33@over-blog.com,Croatia,19.137.60.220
113,Jeana,Dunsmore,jdunsmore34@aboutads.info,Indonesia,162.255.173.91
114,Red,Scarff,rscarff35@zimbio.com,Democratic Republic of the Congo,114.135.71.58
115,Jennie,Ussher,jussher36@digg.com,China,128.6.8.221
116,Nikita,Beasley,nbeasley37@about.com,Brazil,225.212.36.70
117,Meghann,Ballam,mballam38@globo.com,Russia,189.88.76.7
118,Caron,Barnhill,cbarnhill39@shinystat.com,France,172.43.193.9
119,Geoffry,Selburn,gselburn3a@mysql.com,Philippines,44.15.34.53
120,Skipton,Orme,sorme3b@census.gov,Azerbaijan,241.209.240.180
121,Charles,Thistleton,cthistleton3c@umich.edu,China,135.183.222.7
122,Darelle,Matthis,dmatthis3d@blogtalkradio.com,Indonesia,245.186.74.179
123,Fenelia,Moehler,fmoehler3e@blinklist.com,Poland,90.37.11.65
124,Joelly,Mowbury,jmowbury3f@ucla.edu,South Africa,76.212.203.121
125,Corby,Wheelton,cwheelton3g@yellowpages.com,Indonesia,205.129.197.169
126,Hyacinthe,Milmo,hmilmo3h@irs.gov,Indonesia,119.87.47.115
127,Carmel,Gane,cgane3i@tinypic.com,Greece,112.205.132.114
128,Ambros,Armytage,aarmytage3j@japanpost.jp,China,83.19.240.198
129,Isabel,Heppenspall,iheppenspall3k@fc2.com,China,154.227.170.59
130,Doti,Stidston,dstidston3l@google.es,China,32.148.74.187
131,Gayelord,Alvis,galvis3m@eepurl.com,Indonesia,189.190.76.194
132,Woodie,Meconi,wmeconi3n@ibm.com,Sweden,11.94.30.34
133,Ross,Roston,rroston3o@odnoklassniki.ru,Brazil,148.135.86.83
134,Neddy,Valentin,nvalentin3p@ucla.edu,Albania,4.194.130.163
135,Godiva,Canepe,gcanepe3q@123-reg.co.uk,Japan,36.14.162.8
136,Danita,Buckhurst,dbuckhurst3r@redcross.org,China,29.41.158.138
137,Waverly,Goering,wgoering3s@epa.gov,China,27.7.181.109
138,Phil,Berriman,pberriman3t@w3.org,Indonesia,202.133.228.151
139,Vassily,Demcak,vdemcak3u@dedecms.com,Sweden,105.204.231.253
140,Niccolo,McQuin,nmcquin3v@tinypic.com,China,94.223.24.56
141,Brenna,Winslet,bwinslet3w@theguardian.com,Ukraine,37.128.172.107
142,Didi,Gasgarth,dgasgarth3x@newyorker.com,Colombia,136.205.22.169
143,Ardene,Edgerley,aedgerley3y@squarespace.com,Czech Republic,30.88.18.157
144,Glenn,Braybrook,gbraybrook3z@usa.gov,Thailand,73.179.253.86
145,Tricia,Mattheis,tmattheis40@microsoft.com,China,195.130.150.35
146,Clemens,Phetteplace,cphetteplace41@yahoo.co.jp,Venezuela,214.51.86.81
147,Dorothee,Threlfall,dthrelfall42@jigsy.com,Finland,75.95.177.58
148,Christen,Lilloe,clilloe43@unesco.org,Indonesia,175.132.64.177
149,Oby,Bisley,obisley44@ibm.com,China,14.125.17.4
150,Marabel,Meier,mmeier45@sun.com,Brazil,30.236.234.197
151,Mikey,Little,mlittle46@cisco.com,Indonesia,137.24.99.225
152,Emlynn,Strapp,estrapp47@jalbum.net,Indonesia,27.29.74.57
153,Gale,McGrayle,gmcgrayle48@buzzfeed.com,Ukraine,65.215.106.184
154,Violette,Hallowes,vhallowes49@java.com,Philippines,236.143.246.252
155,Pietrek,Messier,pmessier4a@t-online.de,Poland,15.130.73.119
156,Fern,Dunckley,fdunckley4b@barnesandnoble.com,China,221.104.160.58
157,Bernete,Gibbie,bgibbie4c@netscape.com,Ukraine,116.149.51.7
158,Zachary,Yeoman,zyeoman4d@issuu.com,Tunisia,81.131.214.253
159,Oneida,Jakel,ojakel4e@usa.gov,Greece,175.169.84.167
160,Sada,Kelloch,skelloch4f@princeton.edu,China,117.214.187.158
161,Maridel,Letixier,mletixier4g@indiegogo.com,Moldova,194.115.243.85
162,Fae,Newvell,fnewvell4h@linkedin.com,United Kingdom,249.54.59.85
163,Noellyn,Kearn,nkearn4i@baidu.com,Indonesia,160.171.190.236
164,Meara,Hurley,mhurley4j@ibm.com,Indonesia,144.7.53.255
165,Camel,Cottingham,ccottingham4k@dedecms.com,Lithuania,70.137.96.76
166,Sutton,Sanches,ssanches4l@tripadvisor.com,Palestinian Territory,58.39.102.77
167,Di,Guise,dguise4m@google.nl,Dominican Republic,132.102.141.62
168,Paige,Kirwin,pkirwin4n@shutterfly.com,China,171.171.188.155
169,Idette,Vittori,ivittori4o@blogger.com,Ukraine,133.147.48.47
170,Kaia,Garnul,kgarnul4p@wufoo.com,France,70.199.151.114
171,Raimundo,Levane,rlevane4q@blogtalkradio.com,Russia,161.203.227.14
172,Maddie,Dell Casa,mdellcasa4r@nih.gov,Indonesia,16.192.238.187
173,Genny,Stannis,gstannis4s@webmd.com,China,15.255.166.197
174,Essie,Murkitt,emurkitt4t@so-net.ne.jp,Myanmar,94.220.64.221
175,Roanna,Mion,rmion4u@freewebs.com,Indonesia,25.18.221.166
176,Leanor,Sadat,lsadat4v@reverbnation.com,Brazil,193.1.163.11
177,Cyndia,Lunnon,clunnon4w@paypal.com,Taiwan,73.211.24.245
178,Deena,Palfrey,dpalfrey4x@mapquest.com,Mali,63.185.225.151
179,Georgi,Cawsey,gcawsey4y@comsenz.com,Argentina,169.41.223.111
180,Elise,Lambeth,elambeth4z@intel.com,Poland,181.228.197.241
181,Carissa,Ibell,cibell50@youku.com,China,176.148.155.58
182,Paten,Kynoch,pkynoch51@nationalgeographic.com,China,23.70.128.183
183,Candide,Duckett,cduckett52@unc.edu,China,76.195.29.111
184,Olivie,Falkingham,ofalkingham53@google.pl,Honduras,210.102.32.239
185,Isidor,Kinloch,ikinloch54@chronoengine.com,Indonesia,202.29.61.214
186,Artus,McClifferty,amcclifferty55@cafepress.com,Greece,5.189.169.45
187,Winifield,Taylo,wtaylo56@oakley.com,Mexico,90.71.97.137
188,Hewet,Filipson,hfilipson57@biblegateway.com,Cyprus,244.167.44.177
189,Orsa,Crissil,ocrissil58@biblegateway.com,Philippines,217.44.33.6
190,Pietrek,Dahler,pdahler59@yelp.com,Russia,79.7.166.187
191,Winnifred,Vigne,wvigne5a@cpanel.net,Russia,156.140.164.177
192,Gearalt,Skase,gskase5b@ucoz.ru,Serbia,8.49.181.182
193,Benedict,Waterstone,bwaterstone5c@privacy.gov.au,Nigeria,212.179.80.50
194,Ofilia,Scutter,oscutter5d@google.de,Mexico,61.109.68.243
195,Broderic,Roddy,broddy5e@seattletimes.com,United Arab Emirates,173.174.26.122
196,Verney,Heugle,vheugle5f@cdc.gov,China,193.71.250.191
197,Loutitia,McGauhy,lmcgauhy5g@columbia.edu,Dominican Republic,12.219.221.29
198,Hamnet,Noddle,hnoddle5h@earthlink.net,Portugal,6.170.200.149
199,Margaux,Hellin,mhellin5i@xrea.com,China,16.138.231.172
200,Barnabe,Bridgens,bbridgens5j@4shared.com,China,9.197.109.41
201,Winthrop,Struttman,wstruttman5k@friendfeed.com,Canada,154.41.181.21
202,Farand,Lindegard,flindegard5l@yahoo.com,Poland,8.114.49.175
203,Cyb,Bulger,cbulger5m@sitemeter.com,Uruguay,119.189.179.113
204,Lu,Beedle,lbeedle5n@hostgator.com,Portugal,238.161.33.250
205,Dame,Breznovic,dbreznovic5o@bandcamp.com,Comoros,91.211.228.2
206,Hamilton,Dunkinson,hdunkinson5p@macromedia.com,Poland,203.123.30.203
207,Godwin,Goggan,ggoggan5q@shop-pro.jp,Brazil,110.64.231.129
208,Friederike,Aitken,faitken5r@engadget.com,China,72.152.84.19
209,Jodee,Graysmark,jgraysmark5s@hud.gov,Ukraine,0.235.44.177
210,Esmeralda,Northing,enorthing5t@businessinsider.com,Poland,197.142.120.173
211,Ainsley,Schlag,aschlag5u@tiny.cc,Croatia,230.71.236.198
212,Persis,Parkhouse,pparkhouse5v@tiny.cc,Cambodia,97.86.151.69
213,Deana,Reddin,dreddin5w@imgur.com,Peru,37.79.128.185
214,Garwood,Kuhnke,gkuhnke5x@cargocollective.com,Cameroon,74.255.168.194
215,Sterling,Bracer,sbracer5y@liveinternet.ru,Russia,114.43.69.210
216,Darline,Bussen,dbussen5z@facebook.com,China,202.90.181.150
217,Lola,Dupree,ldupree60@hexun.com,United States,76.206.140.21
218,Glyn,Antonsson,gantonsson61@businesswire.com,Brazil,49.50.99.145
219,Maxine,Pharrow,mpharrow62@samsung.com,Indonesia,30.113.140.147
220,Mill,Spittle,mspittle63@sakura.ne.jp,Brazil,190.211.108.139
221,Gertie,Attride,gattride64@skype.com,France,250.232.35.56
222,Georgette,Skrine,gskrine65@about.me,China,234.71.157.252
223,Hirsch,Moorhouse,hmoorhouse66@cocolog-nifty.com,Russia,217.121.88.174
224,Gabriel,Bedham,gbedham67@twitpic.com,Nigeria,244.89.148.201
225,Lisa,Hannaford,lhannaford68@state.gov,Indonesia,30.203.125.68
226,Reggi,Edgeller,redgeller69@usnews.com,China,122.87.209.185
227,Tabb,Radmer,tradmer6a@forbes.com,Ireland,243.68.204.1
228,Spense,Goldup,sgoldup6b@aol.com,China,5.114.134.43
229,Dermot,Reignolds,dreignolds6c@cam.ac.uk,Brazil,233.37.182.78
230,Daphene,Queen,dqueen6d@dailymail.co.uk,China,185.45.80.158
231,Kenton,Damant,kdamant6e@google.com.au,Brazil,89.208.192.37
232,Pauli,Barmby,pbarmby6f@apple.com,Canada,141.96.120.212
233,Carolee,Garmon,cgarmon6g@vk.com,China,100.61.150.215
234,Callean,Le feaver,clefeaver6h@shareasale.com,Canada,131.104.251.103
235,Thorsten,Skune,tskune6i@reference.com,Russia,231.208.0.87
236,Corabella,Everix,ceverix6j@apache.org,Portugal,230.112.110.22
237,Hagan,Pigot,hpigot6k@nytimes.com,China,99.173.58.233
238,Darcey,Faircley,dfaircley6l@icq.com,China,194.32.9.187
239,Leroi,Fellow,lfellow6m@aol.com,Greece,30.161.196.184
240,Blaire,Vaskin,bvaskin6n@intel.com,Russia,57.200.240.102
241,Alic,Heinsen,aheinsen6o@boston.com,Czech Republic,111.43.81.247
242,Peg,Osipov,posipov6p@mail.ru,Philippines,0.27.1.216
243,Hildagard,Everitt,heveritt6q@noaa.gov,Portugal,160.78.114.181
244,Berty,Thickpenny,bthickpenny6r@oaic.gov.au,Indonesia,230.213.50.238
245,Jana,Shewan,jshewan6s@tamu.edu,Nigeria,188.198.51.21
246,Innis,Dumbleton,idumbleton6t@blogger.com,China,239.205.132.15
247,Blakelee,Scrimshire,bscrimshire6u@va.gov,China,246.200.220.101
248,Sallyann,Deeprose,sdeeprose6v@apache.org,Belarus,205.253.136.4
249,Neill,Menham,nmenham6w@pcworld.com,China,74.125.60.205
250,Corbie,Jeske,cjeske6x@sun.com,Thailand,104.47.97.91
251,Arch,Vanyashin,avanyashin6y@bloglines.com,Brazil,202.6.162.187
252,Claudia,Firk,cfirk6z@icio.us,Russia,241.94.78.23
253,Steffen,Deeble,sdeeble70@dot.gov,Jordan,115.72.230.156
254,Roze,Hanhart,rhanhart71@stumbleupon.com,Poland,252.83.70.107
255,Vaclav,Melior,vmelior72@nyu.edu,Russia,67.249.143.161
256,Anna-diana,Afield,aafield73@seattletimes.com,Russia,146.228.196.160
257,Abelard,Bramford,abramford74@walmart.com,Latvia,63.78.190.197
258,Dody,Bevir,dbevir75@engadget.com,Indonesia,0.11.130.169
259,Evelyn,Anthill,eanthill76@accuweather.com,China,230.2.158.232
260,Brucie,Finker,bfinker77@hugedomains.com,Brazil,116.77.127.175
261,Lief,Mursell,lmursell78@usnews.com,Russia,223.49.38.41
262,Willa,Andreichik,wandreichik79@deviantart.com,Cuba,138.239.225.142
263,Stella,Adamovsky,sadamovsky7a@vimeo.com,China,81.7.236.135
264,Averell,MacAvaddy,amacavaddy7b@apache.org,Bulgaria,38.157.205.144
265,Abdel,Robertot,arobertot7c@php.net,China,38.145.59.80
266,Manya,Pulster,mpulster7d@clickbank.net,Canada,128.231.114.63
267,Richmond,Fidelli,rfidelli7e@blogger.com,China,100.50.91.244
268,Clarita,Hateley,chateley7f@xrea.com,Serbia,201.176.228.167
269,Kevina,Worboys,kworboys7g@theguardian.com,Czech Republic,202.121.247.132
270,Marcella,Jeffes,mjeffes7h@ihg.com,Russia,57.53.199.207
271,Lulita,Khilkov,lkhilkov7i@wikispaces.com,Philippines,125.10.93.98
272,Ingaberg,Cliff,icliff7j@amazon.co.jp,Indonesia,0.111.137.231
273,Cedric,Titlow,ctitlow7k@wikipedia.org,China,180.118.250.92
274,Delly,Blything,dblything7l@weibo.com,Philippines,170.159.128.184
275,Keene,Kinkade,kkinkade7m@noaa.gov,China,140.207.45.245
276,Beck,Renvoise,brenvoise7n@example.com,Indonesia,131.232.204.213
277,Lawton,Tolossi,ltolossi7o@tmall.com,Puerto Rico,254.66.138.196
278,Milissent,Signe,msigne7p@storify.com,Philippines,43.48.223.255
279,Carlyn,Careswell,ccareswell7q@europa.eu,China,226.16.233.177
280,Codie,Will,cwill7r@geocities.jp,Philippines,6.69.213.51
281,Dal,Shurmer,dshurmer7s@omniture.com,Paraguay,127.228.174.35
282,Elga,Finkle,efinkle7t@samsung.com,Mexico,248.82.164.52
283,Max,Bolsteridge,mbolsteridge7u@yahoo.co.jp,Venezuela,121.85.59.30
284,Kerri,Formby,kformby7v@census.gov,Switzerland,144.220.42.34
285,Robinet,Kemball,rkemball7w@xinhuanet.com,China,24.119.23.179
286,Bertrand,Edinburough,bedinburough7x@ameblo.jp,China,82.184.248.108
287,Wye,Rysdale,wrysdale7y@techcrunch.com,China,146.30.223.42
288,Peyton,O'Scanlan,poscanlan7z@indiegogo.com,Philippines,111.98.113.204
289,Cookie,Charlo,ccharlo80@smugmug.com,France,41.207.193.176
290,Kirbee,Browse,kbrowse81@umich.edu,Albania,22.101.84.190
291,Brigitte,Coneau,bconeau82@csmonitor.com,Indonesia,230.93.77.143
292,Corrina,McIlroy,cmcilroy83@cnn.com,Sweden,128.47.184.82
293,Farly,Shovelton,fshovelton84@blogtalkradio.com,Japan,235.6.113.252
294,Albertine,Benoy,abenoy85@prlog.org,Madagascar,26.201.188.120
295,Pier,Negro,pnegro86@posterous.com,Sweden,115.238.49.63
296,Jasmine,Feedham,jfeedham87@plala.or.jp,Greece,241.70.254.108
297,Staford,Penwell,spenwell88@theguardian.com,Sri Lanka,165.132.214.143
298,Ewart,Cheverton,echeverton89@washingtonpost.com,China,167.190.131.197
299,Elna,Sclanders,esclanders8a@cyberchimps.com,Indonesia,96.145.224.154
300,Kirsteni,Hanfrey,khanfrey8b@ucla.edu,Mexico,141.132.236.48
301,Mike,Gilbert,mgilbert8c@a8.net,China,38.92.11.42
302,Anita,Coope,acoope8d@princeton.edu,Russia,74.130.85.186
303,Mabelle,D'orsay,mdorsay8e@reuters.com,Russia,80.197.183.158
304,Noah,Crinkley,ncrinkley8f@auda.org.au,Chile,62.170.229.116
305,Hashim,Trenholme,htrenholme8g@sun.com,China,208.45.29.193
306,Stacy,McGillivray,smcgillivray8h@wikipedia.org,Russia,233.138.137.179
307,Dale,Pingston,dpingston8i@devhub.com,Indonesia,219.58.37.150
308,Jermain,Pleven,jpleven8j@statcounter.com,China,193.187.206.74
309,Brig,Emmens,bemmens8k@flavors.me,China,33.181.98.0
310,Nance,Barbery,nbarbery8l@toplist.cz,France,207.39.203.150
311,Berty,Gohn,bgohn8m@amazon.co.jp,United States,203.246.35.93
312,Rivi,Wallbank,rwallbank8n@state.gov,Georgia,228.4.9.133
313,Maurise,Ovendale,movendale8o@timesonline.co.uk,Sweden,175.224.219.103
314,Merline,Stitson,mstitson8p@sakura.ne.jp,Ireland,57.213.135.111
315,Kele,Throughton,kthroughton8q@clickbank.net,China,124.134.79.215
316,Galina,Kenton,gkenton8r@qq.com,Poland,41.178.208.46
317,Debbi,Bolingbroke,dbolingbroke8s@ow.ly,Brazil,187.109.13.70
318,Onfroi,Bolitho,obolitho8t@hhs.gov,France,100.245.236.71
319,Brendis,Potter,bpotter8u@weather.com,Russia,211.225.101.224
320,Delmar,Brogiotti,dbrogiotti8v@posterous.com,Syria,173.113.64.30
321,Aguistin,Tanman,atanman8w@amazon.de,Philippines,106.92.5.1
322,Orville,Bidnall,obidnall8x@edublogs.org,Indonesia,153.120.64.120
323,Valenka,Helversen,vhelversen8y@mtv.com,Palestinian Territory,15.225.80.10
324,Riccardo,Scolland,rscolland8z@cornell.edu,Poland,128.44.25.71
325,Danica,Criple,dcriple90@topsy.com,China,16.30.90.64
326,Calypso,MacLucais,cmaclucais91@sakura.ne.jp,Bulgaria,60.177.8.91
327,Padriac,Lambard,plambard92@dropbox.com,Cyprus,243.69.11.171
328,Burnard,Caddock,bcaddock93@desdev.cn,Colombia,24.178.248.90
329,Diane,Whotton,dwhotton94@columbia.edu,Indonesia,119.234.246.244
330,Annabal,Petruszka,apetruszka95@weather.com,China,90.37.205.237
331,Arlen,Pollendine,apollendine96@shutterfly.com,Montenegro,163.211.230.162
332,Mireille,Tomlins,mtomlins97@bloglines.com,Mongolia,135.237.87.149
333,Cam,Morant,cmorant98@nasa.gov,China,30.131.133.110
334,Dorian,Pharoah,dpharoah99@quantcast.com,France,142.182.131.30
335,Vonny,Tolfrey,vtolfrey9a@usda.gov,Canada,160.185.233.79
336,Erin,Joynt,ejoynt9b@tamu.edu,Indonesia,89.191.183.250
337,Dawn,Pere,dpere9c@google.ca,Indonesia,48.127.170.234
338,Brenden,Kilgallen,bkilgallen9d@nationalgeographic.com,Indonesia,163.63.234.241
339,Jilli,Schinetti,jschinetti9e@nbcnews.com,Brazil,24.78.174.167
340,Coop,Strover,cstrover9f@wix.com,Poland,43.72.142.173
341,Barde,Keilloh,bkeilloh9g@sogou.com,China,112.150.180.80
342,Coleen,Denecamp,cdenecamp9h@imageshack.us,Nigeria,20.200.19.43
343,Iago,Cottee,icottee9i@barnesandnoble.com,Albania,182.122.78.22
344,Pasquale,Wisam,pwisam9j@squarespace.com,Argentina,75.1.172.129
345,Kaycee,Brunelleschi,kbrunelleschi9k@163.com,Argentina,66.147.44.79
346,Karl,Vines,kvines9l@tuttocitta.it,China,201.224.213.222
347,Erastus,Willson,ewillson9m@wiley.com,United Kingdom,199.172.149.98
348,Fleurette,Kelsow,fkelsow9n@woothemes.com,France,238.21.179.47
349,Georgianne,Clemitt,gclemitt9o@disqus.com,Bangladesh,32.95.240.254
350,Shelia,Bramley,sbramley9p@google.es,China,147.96.31.78
351,Bentley,Pettwood,bpettwood9q@wp.com,Nigeria,255.251.23.236
352,Gard,Dunkerton,gdunkerton9r@instagram.com,Honduras,126.142.107.202
353,Faustine,Giannazzi,fgiannazzi9s@miibeian.gov.cn,Finland,239.49.179.22
354,Carola,Climer,cclimer9t@amazonaws.com,Democratic Republic of the Congo,253.242.68.120
355,Hube,Vasilischev,hvasilischev9u@google.com,Morocco,93.179.37.233
356,Fara,Marks,fmarks9v@omniture.com,Indonesia,124.165.194.112
357,Efrem,Antonijevic,eantonijevic9w@sakura.ne.jp,Indonesia,55.129.64.26
358,Gleda,Budgey,gbudgey9x@yolasite.com,Czech Republic,127.141.217.199
359,Gelya,Harmes,gharmes9y@163.com,China,83.250.98.166
360,Farley,Bellee,fbellee9z@bandcamp.com,China,227.229.86.221
361,Godwin,Pyford,gpyforda0@wp.com,Greece,59.98.255.115
362,Jermaine,Ollerton,jollertona1@toplist.cz,United States,172.5.195.52
363,Karin,Kunisch,kkunischa2@51.la,Poland,76.223.185.153
364,Donalt,Antoney,dantoneya3@hexun.com,Brazil,242.200.2.172
365,Farr,Basso,fbassoa4@foxnews.com,Russia,54.35.120.85
366,Antony,Peet,apeeta5@jalbum.net,Australia,173.241.221.106
367,Nance,Gossan,ngossana6@purevolume.com,Tanzania,113.241.14.70
368,Hubie,Hatch,hhatcha7@auda.org.au,Indonesia,196.160.178.209
369,Bebe,Meenan,bmeenana8@so-net.ne.jp,Vietnam,186.30.192.109
370,Aurthur,Archer,aarchera9@slate.com,Indonesia,197.51.204.3
371,Elsa,Emlen,eemlenaa@yelp.com,Ethiopia,172.165.3.8
372,Davy,Brown,dbrownab@yellowpages.com,Morocco,211.177.132.3
373,Dee dee,Kullmann,dkullmannac@pinterest.com,Ecuador,110.92.5.160
374,Brucie,Slegg,bsleggad@rediff.com,Philippines,54.8.17.81
375,Breena,Wallsam,bwallsamae@cbslocal.com,Peru,251.39.196.51
376,Giles,Claxton,gclaxtonaf@google.com.br,Indonesia,92.39.211.61
377,Bevin,Gourley,bgourleyag@mozilla.com,Japan,231.56.66.140
378,Gwendolen,Crutchley,gcrutchleyah@patch.com,Macedonia,230.188.119.162
379,Charline,Cawthera,ccawtheraai@ustream.tv,Poland,131.41.104.136
380,Ambros,Shirland,ashirlandaj@prweb.com,Indonesia,113.169.108.213
381,Tudor,Sweatman,tsweatmanak@microsoft.com,Ireland,1.81.142.121
382,Ludvig,Simonazzi,lsimonazzial@scientificamerican.com,Vietnam,133.197.8.72
383,Tiler,Lawrey,tlawreyam@irs.gov,China,208.215.47.162
384,Husein,Jaggers,hjaggersan@qq.com,China,99.6.239.195
385,Galvan,Perrat,gperratao@google.nl,Albania,198.136.212.201
386,Kessia,Noke,knokeap@craigslist.org,China,216.211.197.226
387,Natividad,Blaydon,nblaydonaq@wikia.com,China,68.255.40.23
388,Timmy,Scullion,tscullionar@hc360.com,Philippines,247.41.255.39
389,Chester,O'Sharkey,cosharkeyas@mayoclinic.com,Colombia,141.142.191.70
390,Ermanno,Jean,ejeanat@ucoz.com,China,175.244.5.106
391,Merilee,Twiname,mtwinameau@ow.ly,Russia,97.157.255.194
392,Keenan,Frantzeni,kfrantzeniav@purevolume.com,Canada,181.56.167.226
393,Colette,Shirtcliffe,cshirtcliffeaw@cam.ac.uk,China,227.47.19.36
394,Gaylord,Towndrow,gtowndrowax@vkontakte.ru,Kazakhstan,104.201.98.249
395,Sacha,Bundey,sbundeyay@jigsy.com,Serbia,97.224.153.64
396,Murdock,Merriott,mmerriottaz@hao123.com,Ethiopia,200.226.136.98
397,Shepard,Imlaw,simlawb0@hatena.ne.jp,Nigeria,100.13.121.1
398,Mady,Heffernan,mheffernanb1@cisco.com,France,104.244.248.13
399,Ben,Deeth,bdeethb2@blogtalkradio.com,Mexico,74.59.236.64
400,Mercy,Buxam,mbuxamb3@taobao.com,China,191.75.50.96
401,Wernher,Cockill,wcockillb4@stanford.edu,Tanzania,138.230.74.36
402,Rivi,Chooter,rchooterb5@hibu.com,Brazil,103.248.228.173
403,Ludovico,Gawkroge,lgawkrogeb6@comcast.net,Greece,134.120.22.84
404,Margo,Jell,mjellb7@dmoz.org,Portugal,85.112.60.38
405,Edlin,Klimkiewich,eklimkiewichb8@topsy.com,Poland,113.66.198.230
406,Sebastien,Dybald,sdybaldb9@wikia.com,Czech Republic,53.129.173.83
407,Doy,Kettles,dkettlesba@twitter.com,Mexico,152.251.233.34
408,Justine,Corington,jcoringtonbb@google.co.uk,Bolivia,29.116.89.236
409,Ingmar,Hizir,ihizirbc@pbs.org,Greece,73.133.1.128
410,Adah,Guage,aguagebd@is.gd,Russia,117.161.89.241
411,Warner,Leteurtre,wleteurtrebe@forbes.com,United States,65.228.148.160
412,Winslow,Weald,wwealdbf@yolasite.com,Ukraine,174.239.220.251
413,Petunia,Lismer,plismerbg@soundcloud.com,Russia,147.44.136.248
414,Berta,Varian,bvarianbh@gov.uk,France,253.4.199.70
415,Lesly,Fortesquieu,lfortesquieubi@army.mil,Portugal,178.99.3.238
416,Katine,Wigfield,kwigfieldbj@pen.io,China,145.16.197.244
417,Pooh,Forst,pforstbk@nih.gov,Japan,163.18.234.241
418,Eleen,Ariss,earissbl@tamu.edu,Russia,247.207.224.49
419,Halli,Dykas,hdykasbm@live.com,Mexico,180.192.62.149
420,Pansy,Rubee,prubeebn@newyorker.com,Angola,83.65.135.229
421,Any,Smithson,asmithsonbo@goo.gl,Peru,33.212.184.54
422,Tabatha,Turneaux,tturneauxbp@yale.edu,China,165.103.6.43
423,Rosalynd,Lehrer,rlehrerbq@discovery.com,Indonesia,220.147.184.16
424,Tabitha,Mayling,tmaylingbr@prlog.org,Japan,127.88.161.97
425,Meryl,Blasgen,mblasgenbs@slideshare.net,Argentina,136.215.1.213
426,Blair,Osant,bosantbt@who.int,China,26.142.160.200
427,Rozalie,Rogier,rrogierbu@sohu.com,Russia,36.133.222.22
428,Manda,Phipson,mphipsonbv@europa.eu,Poland,6.143.253.60
429,Laurent,Elie,leliebw@cnbc.com,Belarus,73.13.192.207
430,Martie,Cromer,mcromerbx@army.mil,Russia,30.128.11.6
431,Avrit,Deesly,adeeslyby@twitpic.com,Russia,14.92.103.74
432,Elmore,Giovannacc@i,egiovannaccibz@paginegialle.it,Belgium,44.226.64.215
433,Wilbert,Ginner,wginnerc0@cpanel.net,China,157.244.14.53
434,Harbert,Boise,hboisec1@nytimes.com,Portugal,211.74.110.202
435,Arlyne,McEntagart,amcentagartc2@quantcast.com,China,58.197.156.152
436,Lindie,Slowley,lslowleyc3@ihg.com,China,38.168.147.238
437,Vicki,Feron,vferonc4@ucoz.com,Brazil,252.163.72.85
438,Jeanne,Pinson,jpinsonc5@ifeng.com,Philippines,206.40.180.218
439,Mirelle,Beal,mbealc6@amazon.com,China,221.211.96.234
440,Bartholemy,Richardon,brichardonc7@timesonline.co.uk,China,27.229.18.201
441,Bernadine,Keighly,bkeighlyc8@jalbum.net,Azerbaijan,219.202.6.80
442,Westbrook,Zollner,wzollnerc9@networksolutions.com,China,18.193.198.16
443,Vidovic,Hallward,vhallwardca@nba.com,Thailand,151.89.170.238
444,Loralee,Medgwick,lmedgwickcb@amazon.com,China,30.39.50.89
445,Leda,Bravey,lbraveycc@constantcontact.com,Greece,94.70.170.65
446,Ayn,Emmines,aemminescd@dropbox.com,Indonesia,85.145.126.15
447,Gil,Bessent,gbessentce@multiply.com,Bosnia and Herzegovina,25.155.36.16
448,Bud,Pluthero,bplutherocf@1und1.de,Indonesia,198.78.225.34
449,Margeaux,Blaymires,mblaymirescg@w3.org,Indonesia,239.233.33.133
450,Stewart,Gossage,sgossagech@sogou.com,Kazakhstan,74.61.187.86
451,Elise,Copcott,ecopcottci@berkeley.edu,Ecuador,118.104.193.43
452,Adoree,Worton,awortoncj@umich.edu,Russia,121.120.50.248
453,Violet,Davidou,vdavidouck@domainmarket.com,United States,243.153.119.40
454,Nat,Colin,ncolincl@timesonline.co.uk,China,90.93.237.251
455,Charity,Searchwell,csearchwellcm@ustream.tv,New Zealand,18.142.161.145
456,Glenna,Abdon,gabdoncn@hexun.com,China,162.162.192.128
457,Feodora,Kealey,fkealeyco@zimbio.com,Israel,90.44.189.193
458,Bill,Giorgietto,bgiorgiettocp@bing.com,Sweden,232.210.96.149
459,Giuditta,Scothorn,gscothorncq@aboutads.info,China,115.145.124.74
460,Barb,Cohn,bcohncr@blog.com,Sweden,143.173.213.84
461,Rosamund,Beamson,rbeamsoncs@imgur.com,Vietnam,128.42.70.21
462,Clareta,Moret,cmoretct@mashable.com,China,112.173.202.19
463,Horace,Orro,horrocu@reddit.com,Poland,102.164.225.255
464,Nancy,Penna,npennacv@tmall.com,Morocco,196.27.3.107
465,Kaitlin,Sighart,ksighartcw@wufoo.com,China,75.229.180.209
466,Sauveur,Westney,swestneycx@dropbox.com,Pakistan,232.35.104.232
467,Legra,Voisey,lvoiseycy@shutterfly.com,Czech Republic,5.74.6.150
468,Amber,Skoggings,askoggingscz@slate.com,Canada,138.221.35.195
469,Olivier,Eckert,oeckertd0@wisc.edu,Pakistan,58.187.245.11
470,Kamilah,Stithe,kstithed1@xrea.com,Colombia,65.252.54.253
471,Mirabelle,Faulkner,mfaulknerd2@wikipedia.org,China,11.131.59.46
472,Margette,Double,mdoubled3@columbia.edu,North Korea,198.138.64.127
473,Sibley,Feedham,sfeedhamd4@nasa.gov,China,111.110.250.179
474,Robbie,Asey,raseyd5@bluehost.com,Peru,242.6.18.105
475,Iolanthe,Noriega,inoriegad6@epa.gov,Poland,44.159.69.248
476,Dulcinea,Beals,dbealsd7@unblog.fr,Philippines,252.72.81.83
477,Northrop,Steaning,nsteaningd8@woothemes.com,Russia,55.135.242.130
478,Kym,Duncklee,kdunckleed9@wsj.com,China,182.17.98.218
479,Ian,Jeanequin,ijeanequinda@toplist.cz,United States,125.131.234.48
480,Nicolis,Longstreet,nlongstreetdb@marketwatch.com,Guatemala,47.236.54.17
481,Gordy,Houselee,ghouseleedc@noaa.gov,Peru,247.179.192.29
482,Dareen,Sammon,dsammondd@virginia.edu,Thailand,174.167.38.243
483,Grantham,Castletine,gcastletinede@si.edu,Uganda,192.175.161.214
484,Agnese,Hubback,ahubbackdf@buzzfeed.com,Czech Republic,232.195.83.196
485,Josi,Mattocks,jmattocksdg@house.gov,Indonesia,199.234.136.88
486,Humfried,Waylett,hwaylettdh@nytimes.com,Vietnam,206.79.68.13
487,Jeralee,Ormrod,jormroddi@techcrunch.com,France,138.187.40.185
488,Caesar,Ridde,criddedj@guardian.co.uk,China,107.82.175.23
489,Hyatt,Denziloe,hdenziloedk@pen.io,United States,209.121.158.220
490,Marten,Randerson,mrandersondl@simplemachines.org,China,46.93.128.224
491,Nevins,Farrier,nfarrierdm@wsj.com,France,10.214.220.127
492,Kahlil,Gribben,kgribbendn@over-blog.com,Papua New Guinea,193.140.218.67
493,Leigha,Rispen,lrispendo@europa.eu,Macedonia,0.53.252.159
494,August,Kalinsky,akalinskydp@ocn.ne.jp,Marshall Islands,195.133.192.160
495,Helenelizabeth,Bucky,hbuckydq@istockphoto.com,Indonesia,9.55.25.94
496,Feliks,Cartwright,fcartwrightdr@google.com.au,Argentina,220.128.239.224
497,Evangelina,Loseke,elosekeds@example.com,China,186.153.45.187
498,Elisabetta,Beagin,ebeagindt@paypal.com,Russia,27.255.241.84
499,Johnny,Ellgood,jellgooddu@issuu.com,Thailand,3.27.150.244
500,Derrick,Edgcombe,dedgcombedv@nhs.uk,China,152.28.220.37
501,Antonie,Pavlishchev,apavlishchevdw@google.it,China,192.0.198.96
502,Thain,McMurraya,tmcmurrayadx@live.com,Indonesia,38.121.160.62
503,Ferris,Tottie,ftottiedy@ocn.ne.jp,Philippines,242.167.68.20
504,Sheelah,Godfroy,sgodfroydz@cbsnews.com,Russia,174.94.151.30
505,Shalom,Baruch,sbaruche0@abc.net.au,Philippines,102.158.174.248
506,Cyrus,McDunlevy,cmcdunlevye1@who.int,Greece,103.72.135.33
507,Anthony,Bentke,abentkee2@xing.com,Netherlands,197.141.60.46
508,Cynthie,Lanchberry,clanchberrye3@moonfruit.com,Myanmar,121.232.98.178
509,Revkah,Cardow,rcardowe4@jigsy.com,China,173.254.224.244
510,Dehlia,Kernan,dkernane5@photobucket.com,Finland,238.237.119.241
511,Bartholomeus,Geyton,bgeytone6@qq.com,Norway,169.156.28.149
512,Agatha,Trevna,atrevnae7@washington.edu,China,95.36.182.231
513,Thorndike,Blackshaw,tblackshawe8@rakuten.co.jp,Poland,154.134.188.13
514,Caitlin,Dagon,cdagone9@macromedia.com,Poland,168.214.91.79
515,Crystie,Larham,clarhamea@youtube.com,Philippines,131.72.237.160
516,Celinda,Ketcher,cketchereb@hugedomains.com,Russia,189.166.155.231
517,Janene,Amberg,jambergec@va.gov,Finland,47.19.189.119
518,Tremain,Angear,tangeared@japanpost.jp,Thailand,248.156.19.110
519,Lillian,Braley,lbraleyee@technorati.com,Ukraine,194.128.163.185
520,Giselbert,Gocke,ggockeef@about.com,China,59.67.130.141
521,Almira,Arpe,aarpeeg@comcast.net,Israel,234.55.96.190
522,Orton,Cuardall,ocuardalleh@google.com.au,Brazil,21.211.157.22
523,Danie,MacTeague,dmacteagueei@bravesites.com,Poland,57.193.210.146
524,Brigg,Pennycock,bpennycockej@mediafire.com,South Africa,144.50.77.114
525,Fancie,Alastair,falastairek@nationalgeographic.com,Brazil,131.250.50.156
526,Ann-marie,Clewes,aclewesel@t-online.de,Philippines,31.234.166.195
527,Avrom,Branwhite,abranwhiteem@who.int,Greece,76.4.27.145
528,Sherilyn,Treffrey,streffreyen@photobucket.com,Philippines,28.232.154.207
529,Allsun,McLenaghan,amclenaghaneo@hud.gov,Russia,226.53.185.42
530,Orv,Howitt,ohowittep@ebay.co.uk,Argentina,1.72.105.151
531,Thornie,Stolz,tstolzeq@so-net.ne.jp,China,99.126.227.212
532,Lela,Possell,lposseller@ow.ly,Ukraine,97.234.176.191
533,Allistir,Steade,asteadees@posterous.com,Zambia,237.1.242.3
534,Montgomery,MacTeague,mmacteagueet@ocn.ne.jp,Belarus,153.152.69.110
535,Jonell,Ussher,jusshereu@msn.com,Greece,202.9.212.14
536,Rodolph,Buckel,rbuckelev@cdbaby.com,Tajikistan,127.100.88.238
537,Merrie,Hamshere,mhamshereew@baidu.com,Nigeria,239.230.89.167
538,Annabella,Wudeland,awudelandex@t-online.de,Czech Republic,184.13.11.83
539,Radcliffe,Gowry,rgowryey@webs.com,Colombia,224.211.130.113
540,Brew,Crossby,bcrossbyez@princeton.edu,Vietnam,51.217.64.141
541,Martita,Fenney,mfenneyf0@gnu.org,Russia,63.235.70.0
542,Berenice,Ianni,biannif1@constantcontact.com,Indonesia,14.204.237.254
543,Rafaelia,Harses,rharsesf2@tinyurl.com,Switzerland,198.148.171.218
544,Bekki,Poll,bpollf3@blinklist.com,Zambia,17.140.239.49
545,Ileane,Korpolak,ikorpolakf4@unc.edu,China,98.252.244.169
546,Vonni,Beaglehole,vbeagleholef5@qq.com,Brazil,24.38.79.29
547,Dode,Brandacci,dbrandaccif6@linkedin.com,Indonesia,88.207.52.56
548,Harli,Kingsland,hkingslandf7@tinyurl.com,Sri Lanka,128.46.36.63
549,Selma,Emlen,semlenf8@mapy.cz,Indonesia,33.235.219.17
550,Carolynn,Ashness,cashnessf9@auda.org.au,Indonesia,86.98.128.213
551,Chevalier,Klarzynski,cklarzynskifa@facebook.com,Belarus,221.173.85.32
552,Denys,Swede,dswedefb@dell.com,Greece,129.127.216.237
553,Corenda,Fallen,cfallenfc@sogou.com,Israel,152.93.11.129
554,Eirena,Penkman,epenkmanfd@phoca.cz,Bangladesh,185.201.49.34
555,Justen,Clevely,jclevelyfe@1688.com,Bulgaria,28.228.175.215
556,Rhea,Myrick,rmyrickff@mozilla.com,Iran,143.133.108.50
557,Gherardo,Doorly,gdoorlyfg@auda.org.au,Canada,105.225.29.184
558,Chaim,Enterle,centerlefh@mac.com,Argentina,106.61.93.38
559,Rhodie,Rantoull,rrantoullfi@google.co.uk,Luxembourg,136.225.112.184
560,Teodoro,Kitchiner,tkitchinerfj@lulu.com,Ukraine,36.182.238.144
561,Perla,Sammars,psammarsfk@yolasite.com,China,57.155.178.153
562,Agretha,Joder,ajoderfl@soup.io,China,88.9.160.169
563,Paula,Ranson,pransonfm@howstuffworks.com,Bangladesh,196.195.230.48
564,Boy,Slinger,bslingerfn@biblegateway.com,Latvia,176.128.74.127
565,Denver,Alesi,dalesifo@who.int,Poland,54.247.220.0
566,Judas,Sherington,jsheringtonfp@mediafire.com,China,44.146.205.2
567,Gilli,Bohden,gbohdenfq@adobe.com,Nicaragua,156.230.36.7
568,Georgianne,Lammin,glamminfr@walmart.com,Peru,49.237.158.108
569,Coleen,Beelby,cbeelbyfs@blogs.com,New Zealand,251.11.181.165
570,Xylia,Chidler,xchidlerft@netlog.com,South Korea,225.175.201.230
571,Doro,D'Alessio,ddalessiofu@wufoo.com,Poland,39.159.214.153
572,Valdemar,Dodd,vdoddfv@geocities.com,China,123.106.16.144
573,Kin,Sproul,ksproulfw@live.com,Philippines,146.98.241.177
574,Ericka,Ellum,eellumfx@seattletimes.com,Indonesia,68.35.123.229
575,Manon,Pontin,mpontinfy@altervista.org,France,254.154.101.19
576,Mada,Gasnell,mgasnellfz@examiner.com,China,73.222.248.91
577,Marissa,Avrasin,mavrasing0@hc360.com,Canada,240.141.38.158
578,Waneta,Farriar,wfarriarg1@netlog.com,Russia,120.239.111.254
579,Tyne,Eloy,teloyg2@icq.com,Bulgaria,47.7.58.150
580,Kipper,Laminman,klaminmang3@cam.ac.uk,Iran,67.72.178.169
581,Crystie,Faherty,cfahertyg4@virginia.edu,Haiti,43.130.142.109
582,Darell,Sparshutt,dsparshuttg5@360.cn,Indonesia,171.98.237.31
583,Patrice,Lesek,plesekg6@constantcontact.com,South Korea,93.152.26.66
584,Edd,Morrissey,emorrisseyg7@constantcontact.com,Indonesia,25.26.22.7
585,Steffen,Qualtrough,squaltroughg8@narod.ru,Sweden,220.126.91.89
586,Nevin,Simpkin,nsimpking9@wiley.com,Vietnam,115.126.190.13
587,Steffane,Penvarne,spenvarnega@jigsy.com,China,31.129.222.105
588,Rube,Di Domenico,rdidomenicogb@wikimedia.org,Croatia,177.11.2.213
589,Gilemette,Trude,gtrudegc@instagram.com,Morocco,105.155.237.152
590,Fleming,Brearty,fbreartygd@auda.org.au,Chile,223.8.58.0
591,Jordan,Boyton,jboytonge@acquirethisname.com,Switzerland,215.144.62.150
592,Cole,Blaszczak,cblaszczakgf@foxnews.com,Saint Vincent and the Grenadines,79.156.196.241
593,Camala,de Keep,cdekeepgg@ow.ly,Bahamas,140.139.206.199
594,Biddy,Phetteplace,bphetteplacegh@blog.com,Japan,46.128.225.142
595,Carolus,Nye,cnyegi@mail.ru,China,249.39.131.89
596,Pattie,Cranke,pcrankegj@businesswire.com,Norway,88.137.198.226
597,Avrom,Fullegar,afullegargk@japanpost.jp,Indonesia,215.240.186.13
598,Kaye,MacElane,kmacelanegl@cyberchimps.com,Indonesia,248.231.227.72
599,Cori,Piola,cpiolagm@epa.gov,Russia,137.184.122.229
600,Edwina,Meins,emeinsgn@live.com,Russia,44.1.47.30
601,Judie,Lymbourne,jlymbournego@google.nl,China,17.138.104.182
602,Tallou,Della Scala,tdellascalagp@4shared.com,Germany,16.0.11.25
603,Mace,Rehor,mrehorgq@google.com,Russia,225.233.191.101
604,Jeromy,Abbet,jabbetgr@guardian.co.uk,Macedonia,76.159.216.231
605,Timmy,Morriarty,tmorriartygs@elpais.com,France,118.73.224.217
606,Garvey,Weildish,gweildishgt@disqus.com,Philippines,14.62.170.73
607,Merrill,Jovasevic,mjovasevicgu@etsy.com,Indonesia,140.4.71.148
608,Monti,McNirlan,mmcnirlangv@va.gov,China,142.110.193.163
609,Garv,Grzeszczak,ggrzeszczakgw@cam.ac.uk,Philippines,15.232.31.205
610,Freeland,Meyer,fmeyergx@chron.com,Ivory Coast,206.208.77.157
611,Ryan,Goodband,rgoodbandgy@comsenz.com,Argentina,211.141.237.159
612,Vittoria,Bartlett,vbartlettgz@berkeley.edu,Vietnam,252.15.219.122
613,Karalynn,Vardie,kvardieh0@si.edu,Laos,13.119.106.90
614,Bastian,Scoggan,bscogganh1@earthlink.net,Indonesia,185.2.45.2
615,Thayne,Fidal,tfidalh2@irs.gov,Colombia,85.234.35.254
616,Grayce,Ragge,graggeh3@marriott.com,China,74.169.18.85
617,Saunderson,Pimley,spimleyh4@salon.com,Swaziland,33.155.80.79
618,Alberik,Olifaunt,aolifaunth5@microsoft.com,China,94.124.140.86
619,Valenka,Neary,vnearyh6@infoseek.co.jp,Indonesia,57.209.13.167
620,Tasia,Matteucci,tmatteuccih7@cnet.com,Russia,13.226.187.105
621,Trixy,Bummfrey,tbummfreyh8@scribd.com,China,69.55.243.115
622,Adrianne,Vischi,avischih9@fotki.com,China,244.249.146.69
623,Edee,Shervil,eshervilha@themeforest.net,Indonesia,43.225.147.190
624,Josselyn,Middleweek,jmiddleweekhb@google.co.jp,Poland,242.60.21.153
625,Hersch,Pomeroy,hpomeroyhc@opensource.org,Brazil,230.200.150.237
626,Mycah,Patty,mpattyhd@illinois.edu,Poland,44.233.49.26
627,Ambur,Bridgestock,abridgestockhe@hugedomains.com,China,155.79.160.210
628,Niccolo,Tolomelli,ntolomellihf@bloglovin.com,Poland,79.86.178.108
629,Sauncho,Bamlett,sbamletthg@nhs.uk,Sweden,241.223.85.162
630,Bart,Mariel,bmarielhh@mayoclinic.com,Macedonia,150.124.120.221
631,Nomi,Ivermee,nivermeehi@wunderground.com,Russia,227.106.127.159
632,Dyann,Avery,daveryhj@devhub.com,China,231.208.1.70
633,Yolane,Broxap,ybroxaphk@gmpg.org,China,190.175.213.36
634,Jeffry,Rubroe,jrubroehl@slideshare.net,Netherlands,76.29.102.57
635,Charlean,Kopisch,ckopischhm@cornell.edu,China,135.254.233.74
636,Leslie,Beevors,lbeevorshn@nytimes.com,Colombia,56.195.158.142
637,Jodie,Shelsher,jshelsherho@squidoo.com,Nepal,98.152.81.32
638,Gwyneth,Tapsfield,gtapsfieldhp@scientificamerican.com,Tunisia,247.130.103.85
639,Wendall,Portam,wportamhq@google.ru,China,169.243.218.244
640,Tucky,Garford,tgarfordhr@auda.org.au,Poland,162.66.57.16
641,Patience,Fromont,pfromonths@istockphoto.com,Thailand,28.211.172.242
642,Mario,Robbe,mrobbeht@tripadvisor.com,Croatia,125.251.193.40
643,Rona,Ziem,rziemhu@nytimes.com,Gambia,215.64.217.240
644,Jere,Kief,jkiefhv@soundcloud.com,Bulgaria,42.92.72.150
645,Roana,Buterton,rbutertonhw@youtube.com,Indonesia,51.162.11.99
646,Jeri,Celiz,jcelizhx@reverbnation.com,Brazil,122.208.95.216
647,Melli,Halliberton,mhallibertonhy@pinterest.com,Indonesia,126.216.87.132
648,Thebault,McCray,tmccrayhz@admin.ch,Honduras,247.163.222.89
649,Edvard,Dew,edewi0@shop-pro.jp,China,180.165.37.194
650,Rupert,Darnell,rdarnelli1@pcworld.com,China,93.48.197.94
651,Petunia,Wrighton,pwrightoni2@dropbox.com,Russia,96.35.105.87
652,Olive,Speir,ospeiri3@aboutads.info,Niger,22.77.162.218
653,Sianna,Risbridge,srisbridgei4@cocolog-nifty.com,Bulgaria,153.70.83.64
654,Michail,Blader,mbladeri5@biblegateway.com,Portugal,149.230.254.92
655,Jerry,Lampet,jlampeti6@tiny.cc,Nigeria,142.148.248.55
656,Lurlene,Arndell,larndelli7@tumblr.com,Tanzania,59.29.239.217
657,Pauline,Clarage,pclaragei8@rakuten.co.jp,Russia,63.242.29.92
658,Earlie,Groombridge,egroombridgei9@noaa.gov,Macedonia,126.166.24.31
659,Tiebout,Tripett,ttripettia@google.co.uk,China,199.233.172.74
660,Letta,Hansom,lhansomib@freewebs.com,Russia,17.115.74.175
661,Ximenez,Martusov,xmartusovic@wsj.com,China,94.24.249.72
662,Orlando,Hedworth,ohedworthid@list-manage.com,China,128.185.101.67
663,Esmaria,Mountlow,emountlowie@mlb.com,China,201.255.58.130
664,Eliza,Ramsay,eramsayif@tripadvisor.com,China,48.37.170.12
665,Gabriel,Doogue,gdoogueig@cdbaby.com,Indonesia,130.187.224.117
666,Liesa,Giriardelli,lgiriardelliih@economist.com,Macedonia,173.89.132.142
667,Crosby,Pautard,cpautardii@latimes.com,Netherlands,99.136.97.42
668,Barrett,Conniam,bconniamij@paginegialle.it,China,106.100.222.203
669,Vicky,Blowes,vblowesik@nbcnews.com,Indonesia,150.203.101.186
670,Randy,Taree,rtareeil@hhs.gov,Russia,127.167.89.53
671,Royce,Malyon,rmalyonim@mozilla.org,Slovenia,168.120.84.213
672,Gilli,Moatt,gmoattin@creativecommons.org,Peru,235.158.6.168
673,Herc,Joskovitch,hjoskovitchio@infoseek.co.jp,Peru,107.178.223.124
674,Mattias,Edmott,medmottip@sun.com,Brazil,75.37.0.191
675,Kelwin,Muff,kmuffiq@cbslocal.com,Indonesia,97.166.20.51
676,Shel,Dunstall,sdunstallir@taobao.com,Guatemala,159.54.240.19
677,Elissa,Megainey,emegaineyis@google.com.br,China,62.36.73.104
678,Madelyn,Paddie,mpaddieit@hibu.com,Guatemala,62.155.45.119
679,Moll,Vigars,mvigarsiu@google.it,France,174.139.35.40
680,Hartwell,Christon,hchristoniv@gizmodo.com,Indonesia,75.125.76.154
681,Veronica,Stimpson,vstimpsoniw@sakura.ne.jp,Mali,158.101.205.239
682,Essa,Uzielli,euzielliix@delicious.com,El Salvador,137.122.71.253
683,Grenville,Brenton,gbrentoniy@google.ca,China,94.248.44.68
684,Freddie,Brentnall,fbrentnalliz@hp.com,China,81.159.87.140
685,Edithe,Pitway,epitwayj0@sourceforge.net,Colombia,225.202.25.243
686,Godfrey,Keough,gkeoughj1@mysql.com,Russia,196.173.95.27
687,Dennie,Casillis,dcasillisj2@geocities.com,Indonesia,144.120.171.126
688,Justin,Willox,jwilloxj3@wiley.com,Philippines,34.71.252.232
689,Anissa,Wragg,awraggj4@gov.uk,Japan,131.222.196.66
690,Mikol,Kidgell,mkidgellj5@cbsnews.com,Sweden,238.139.8.113
691,Eadith,Lowsely,elowselyj6@bbb.org,Ghana,151.9.9.13
692,Henrietta,Fazzioli,hfazziolij7@nytimes.com,Brazil,210.55.110.63
693,Sarina,Thatcham,sthatchamj8@icq.com,Vietnam,47.191.246.140
694,Bellina,Tebald,btebaldj9@irs.gov,Iraq,142.98.225.29
695,Natasha,Lansdowne,nlansdowneja@boston.com,Sweden,138.203.199.193
696,Camel,Straw,cstrawjb@java.com,Tajikistan,91.191.51.142
697,Agatha,Seakings,aseakingsjc@ustream.tv,Venezuela,124.103.157.154
698,Freeman,Wloch,fwlochjd@people.com.cn,Mauritius,20.252.89.139
699,Isahella,O'Monahan,iomonahanje@ox.ac.uk,Czech Republic,226.84.51.185
700,Gillie,Sambell,gsambelljf@ezinearticles.com,Panama,44.201.124.166
701,Averil,Revan,arevanjg@webs.com,Indonesia,54.16.51.6
702,Madelyn,Kender,mkenderjh@quantcast.com,China,68.130.1.97
703,Ambrosius,Tume,atumeji@businessweek.com,France,142.33.133.170
704,Joni,Holdall,jholdalljj@imgur.com,China,64.247.75.0
705,Dolf,Peek,dpeekjk@pbs.org,Japan,7.159.135.49
706,Jaquenette,Hargreves,jhargrevesjl@dell.com,Malaysia,232.223.8.184
707,Dennie,Vaudrey,dvaudreyjm@desdev.cn,Czech Republic,20.17.75.50
708,Shandra,Walne,swalnejn@forbes.com,Indonesia,3.104.189.56
709,Evin,Bushaway,ebushawayjo@disqus.com,Indonesia,142.30.84.139
710,Craggie,Spraggon,cspraggonjp@huffingtonpost.com,Mexico,211.59.104.119
711,Bank,Rossander,brossanderjq@jalbum.net,France,95.16.73.107
712,Ches,Levings,clevingsjr@hibu.com,Philippines,69.107.129.38
713,Eve,Yashunin,eyashuninjs@examiner.com,Indonesia,129.122.40.112
714,Kerk,Matsell,kmatselljt@usnews.com,Philippines,22.63.178.214
715,Sharia,Palia,spaliaju@odnoklassniki.ru,Philippines,145.252.246.181
716,Daryl,Giffin,dgiffinjv@rakuten.co.jp,Indonesia,181.28.62.152
717,Beryle,Culley,bculleyjw@macromedia.com,Portugal,32.121.233.31
718,Nichole,Rivelin,nrivelinjx@homestead.com,Philippines,26.87.36.245
719,Elisha,Swanson,eswansonjy@wordpress.org,Russia,18.94.64.103
720,Alexi,Pie,apiejz@sina.com.cn,Sweden,20.241.79.99
721,Hillary,Domegan,hdomegank0@bbc.co.uk,Nigeria,171.58.40.46
722,Dorrie,Morrant,dmorrantk1@cnbc.com,Vietnam,25.21.32.216
723,Martina,Vinecombe,mvinecombek2@webs.com,Mexico,115.28.198.249
724,Nehemiah,Hartopp,nhartoppk3@blogspot.com,Indonesia,255.178.115.94
725,Sharlene,Hammett,shammettk4@unc.edu,Nicaragua,46.40.133.165
726,Alla,Celier,acelierk5@nsw.gov.au,Indonesia,105.113.94.248
727,Ines,McCluin,imccluink6@jiathis.com,Philippines,143.25.143.39
728,Cory,Durek,cdurekk7@barnesandnoble.com,Portugal,130.217.111.152
729,Windy,Mechi,wmechik8@ycombinator.com,Russia,132.122.245.136
730,Denney,Managh,dmanaghk9@usgs.gov,Nigeria,2.239.180.69
731,Gasper,Weaver,gweaverka@fema.gov,Iraq,81.54.30.129
732,Artus,McComb,amccombkb@bravesites.com,Brazil,189.206.37.223
733,Kennie,McKeighen,kmckeighenkc@sfgate.com,Vietnam,137.226.116.78
734,Smitty,Terrett,sterrettkd@ucoz.ru,Indonesia,250.132.53.142
735,Grantham,Maryon,gmaryonke@pen.io,Portugal,26.133.219.7
736,Alis,Avrahamof,aavrahamofkf@xrea.com,China,94.160.134.132
737,Eugenio,Maulkin,emaulkinkg@google.ca,Portugal,126.164.113.12
738,Katharyn,Cringle,kcringlekh@cbslocal.com,China,18.216.186.226
739,Petrina,Kestell,pkestellki@deviantart.com,Saudi Arabia,69.38.174.99
740,Wallis,Dwyr,wdwyrkj@auda.org.au,Togo,209.60.128.92
741,Parrnell,Asher,pasherkk@bloglovin.com,Portugal,8.152.84.206
742,Eugine,Sange,esangekl@disqus.com,Russia,138.159.205.112
743,Zea,Wimlett,zwimlettkm@businesswire.com,Russia,151.171.80.219
744,Jerrie,Climar,jclimarkn@gnu.org,Kazakhstan,94.141.4.117
745,Renard,Silveston,rsilvestonko@myspace.com,China,232.3.45.208
746,Joey,Pine,jpinekp@ca.gov,Finland,103.225.62.46
747,Humphrey,Sleight,hsleightkq@marriott.com,Indonesia,170.40.112.209
748,Norah,Laurentin,nlaurentinkr@hibu.com,Jordan,50.100.93.126
749,Ailee,Link,alinkks@techcrunch.com,China,220.4.129.28
750,Adey,Parmiter,aparmiterkt@springer.com,Ethiopia,246.44.250.200
751,Byrann,Satteford,bsattefordku@dmoz.org,Mexico,145.24.238.45
752,Phillipp,Mangam,pmangamkv@ocn.ne.jp,Russia,110.47.190.167
753,Eolanda,Jentin,ejentinkw@myspace.com,United States,61.83.214.0
754,Saw,Bulstrode,sbulstrodekx@sina.com.cn,Argentina,183.31.190.176
755,Irving,Ditchett,iditchettky@netlog.com,China,238.223.148.29
756,Alberto,Percival,apercivalkz@hp.com,China,154.14.227.20
757,Romy,Sall,rsalll0@hc360.com,Maldives,27.33.150.1
758,Karlan,Fewless,kfewlessl1@1688.com,Sweden,152.239.38.248
759,Jo,Valintine,jvalintinel2@seesaa.net,Honduras,94.153.8.119
760,Doti,Dumbreck,ddumbreckl3@altervista.org,China,48.57.252.112
761,Nevin,Millett,nmillettl4@nationalgeographic.com,Philippines,200.187.89.169
762,El,Lusgdin,elusgdinl5@dagondesign.com,Russia,205.248.74.220
763,Hardy,Scandrick,hscandrickl6@tuttocitta.it,Japan,27.112.98.109
764,Kaila,Betz,kbetzl7@nationalgeographic.com,China,3.248.241.238
765,Tripp,Luckett,tluckettl8@cdc.gov,Portugal,13.206.162.84
766,Staford,Larway,slarwayl9@arstechnica.com,Venezuela,226.161.76.62
767,Almira,Adicot,aadicotla@opera.com,China,150.115.142.180
768,Shaylynn,Caulkett,scaulkettlb@shutterfly.com,Indonesia,83.205.118.14
769,Edin,Dorow,edorowlc@utexas.edu,Colombia,131.230.230.83
770,Cornela,Moxted,cmoxtedld@cocolog-nifty.com,Ireland,89.250.122.71
771,Zebadiah,MacDunleavy,zmacdunleavyle@mlb.com,China,87.60.67.113
772,Britta,Dawe,bdawelf@un.org,Ireland,46.134.94.52
773,Mirabella,Boddymead,mboddymeadlg@theguardian.com,Poland,200.6.91.63
774,Margarette,O'Leary,molearylh@angelfire.com,China,117.129.212.193
775,Celine,Woolmore,cwoolmoreli@wp.com,Indonesia,216.188.180.243
776,Hercules,St. Queintain,hstqueintainlj@live.com,Iran,241.178.122.217
777,Maurise,McCord,mmccordlk@infoseek.co.jp,China,7.227.11.223
778,Alasdair,Daglish,adaglishll@godaddy.com,China,52.83.40.10
779,Alana,Lobb,alobblm@oakley.com,China,202.157.135.33
780,Royal,Maylard,rmaylardln@rambler.ru,Indonesia,7.87.106.90
781,Elroy,Dilrew,edilrewlo@aboutads.info,Ireland,59.108.242.157
782,Moss,Dransfield,mdransfieldlp@unc.edu,Iran,57.233.60.176
783,Dorri,Gerant,dgerantlq@home.pl,Syria,142.207.231.129
784,Zahara,Linsley,zlinsleylr@dailymotion.com,China,130.155.139.146
785,Danyette,Dayborne,ddaybornels@histats.com,Indonesia,0.207.95.207
786,Sherry,Edlyne,sedlynelt@fc2.com,China,24.111.34.217
787,Sophie,O'Downe,sodownelu@hao123.com,Japan,86.114.176.27
788,Valentine,Hierro,vhierrolv@comcast.net,Czech Republic,22.122.0.124
789,Kennedy,Cromett,kcromettlw@pagesperso-orange.fr,Indonesia,255.182.67.7
790,Francoise,Denver,fdenverlx@epa.gov,New Caledonia,77.227.6.54
791,Dietrich,Lighterness,dlighternessly@yahoo.com,Indonesia,215.174.75.24
792,Darn,Loudon,dloudonlz@nymag.com,China,2.41.204.239
793,Melicent,Shepherdson,mshepherdsonm0@hc360.com,United States,115.240.165.154
794,Lynnet,Aldham,laldhamm1@dmoz.org,United States,222.164.190.79
795,Joannes,Dionisetti,jdionisettim2@sbwire.com,Thailand,57.99.48.65
796,Alphard,Bunning,abunningm3@w3.org,Uzbekistan,229.137.73.211
797,Vaclav,Weson,vwesonm4@hhs.gov,Poland,110.50.95.149
798,Sybil,Burtonwood,sburtonwoodm5@blog.com,Egypt,25.164.74.254
799,Belva,Marsh,bmarshm6@timesonline.co.uk,China,12.3.123.47
800,Genovera,Kinghorne,gkinghornem7@netscape.com,China,158.51.123.75
801,Ivett,Nazaret,inazaretm8@washington.edu,Philippines,22.32.15.250
802,Marianna,Gott,mgottm9@boston.com,Albania,178.254.24.217
803,Carling,Haslegrave,chaslegravema@sbwire.com,France,156.82.143.159
804,Darrell,Blint,dblintmb@hostgator.com,Philippines,61.164.121.37
805,Harald,Albrecht,halbrechtmc@ovh.net,United States,115.131.116.178
806,Vally,Hallows,vhallowsmd@edublogs.org,China,91.120.65.19
807,Feodora,Fulham,ffulhamme@simplemachines.org,Brazil,169.43.67.88
808,Salome,Levy,slevymf@printfriendly.com,Albania,68.41.167.85
809,Kirsti,Ceaser,kceasermg@yahoo.co.jp,China,47.201.213.17
810,Stanislaw,Boldero,sbolderomh@squidoo.com,Sweden,21.247.87.92
811,Teddy,Collinson,tcollinsonmi@apache.org,Lebanon,218.71.10.121
812,Gabriell,Vorley,gvorleymj@sitemeter.com,Portugal,100.155.67.26
813,Adeline,Oakly,aoaklymk@buzzfeed.com,France,75.64.45.194
814,Leroi,Birdfield,lbirdfieldml@ovh.net,China,101.213.204.183
815,Dorice,Antonov,dantonovmm@webs.com,Philippines,79.217.240.13
816,Hurleigh,Peter,hpetermn@printfriendly.com,Brazil,250.40.55.151
817,Barbi,Burfitt,bburfittmo@ucsd.edu,China,15.25.31.71
818,Erminie,Shervil,eshervilmp@intel.com,Philippines,245.9.189.8
819,Willy,Clint,wclintmq@telegraph.co.uk,Morocco,216.255.192.145
820,Jena,Mc Caghan,jmccaghanmr@shareasale.com,Norway,148.14.164.50
821,Ronny,Mahedy,rmahedyms@moonfruit.com,Sweden,161.16.176.5
822,Giffy,Pietasch,gpietaschmt@imdb.com,China,106.5.250.196
823,Abbye,Doyley,adoyleymu@netscape.com,Portugal,165.132.18.231
824,Tad,Zanutti,tzanuttimv@yellowpages.com,Ukraine,103.97.129.184
825,Conan,Manvelle,cmanvellemw@topsy.com,Philippines,39.43.7.252
826,Evelyn,Stodart,estodartmx@hostgator.com,Guam,111.108.245.141
827,Eziechiele,Ox,eoxmy@e-recht24.de,Kenya,97.121.231.48
828,Penny,Raffeorty,praffeortymz@nps.gov,Indonesia,217.202.135.196
829,Osborne,Jendrys,ojendrysn0@oaic.gov.au,Croatia,216.168.241.44
830,Hillier,Simond,hsimondn1@archive.org,Peru,195.224.192.163
831,Marylinda,Skitt,mskittn2@wikispaces.com,Portugal,42.182.208.89
832,Gan,Gaddesby,ggaddesbyn3@a8.net,Honduras,54.233.13.130
833,Diana,Whaley,dwhaleyn4@ft.com,Malawi,32.42.22.74
834,Lucinda,Broseke,lbroseken5@rakuten.co.jp,Ivory Coast,140.28.220.165
835,Josee,Avo,javon6@multiply.com,Vietnam,173.37.164.47
836,Georgy,Tomenson,gtomensonn7@desdev.cn,Estonia,188.48.181.48
837,Barbara,Ogg,boggn8@nih.gov,Austria,191.5.101.111
838,Estrella,Klimkowski,eklimkowskin9@forbes.com,Honduras,205.75.73.129
839,Dill,Auger,daugerna@live.com,Russia,113.179.247.241
840,Prudence,Cleverley,pcleverleynb@naver.com,Indonesia,47.5.177.50
841,Jammie,Tombleson,jtomblesonnc@ovh.net,China,124.60.193.40
842,Dugald,Naptin,dnaptinnd@odnoklassniki.ru,Ukraine,194.154.191.123
843,Vitoria,Mushet,vmushetne@lycos.com,Azerbaijan,226.96.251.195
844,Tait,Philipart,tphilipartnf@eepurl.com,China,203.200.168.59
845,Emmanuel,Pinshon,epinshonng@freewebs.com,China,254.60.134.196
846,Jeffy,Butterick,jbuttericknh@hugedomains.com,Czech Republic,235.74.254.164
847,Heida,Pawlaczyk,hpawlaczykni@paginegialle.it,Russia,32.217.178.189
848,Dal,Matisoff,dmatisoffnj@reddit.com,China,72.205.153.213
849,Wilek,Stede,wstedenk@goo.gl,Ecuador,62.145.98.77
850,Constantino,Di Francesco,cdifrancesconl@yolasite.com,Indonesia,89.159.165.239
851,Sarine,Woolbrook,swoolbrooknm@360.cn,Mongolia,242.23.80.34
852,Maura,Aucutt,maucuttnn@amazon.co.jp,Latvia,214.19.201.250
853,Brendon,Earle,bearleno@auda.org.au,Yemen,178.140.94.61
854,Donica,Pfeifer,dpfeifernp@xing.com,Slovenia,152.133.139.140
855,Blinny,Minucci,bminuccinq@nymag.com,Sweden,47.212.91.64
856,Domini,Bertie,dbertienr@biblegateway.com,Sierra Leone,90.156.169.151
857,Arch,Edgcumbe,aedgcumbens@google.de,China,234.3.228.7
858,Noellyn,Ledner,nlednernt@gizmodo.com,China,21.52.95.162
859,Fay,Mosten,fmostennu@dailymail.co.uk,Japan,124.137.203.39
860,Ward,Suscens,wsuscensnv@weibo.com,Brazil,243.111.201.144
861,Mallissa,Challis,mchallisnw@usatoday.com,Germany,46.121.229.191
862,Martie,Falck,mfalcknx@joomla.org,Switzerland,181.231.86.163
863,Patsy,Tangye,ptangyeny@friendfeed.com,Peru,37.125.93.118
864,Winnah,Scholar,wscholarnz@livejournal.com,Philippines,229.204.60.46
865,Gilberte,Plinck,gplincko0@typepad.com,Brazil,97.160.32.2
866,Starr,Farreil,sfarreilo1@symantec.com,Colombia,2.40.55.84
867,Krystle,Hounsome,khounsomeo2@ning.com,Norway,68.39.192.136
868,Jeremy,McElory,jmceloryo3@ezinearticles.com,Vietnam,65.89.168.77
869,Cynde,Donaway,cdonawayo4@guardian.co.uk,Greece,113.216.94.25
870,Nestor,Rushmere,nrushmereo5@who.int,Mali,161.126.225.15
871,Patty,Ullett,pulletto6@infoseek.co.jp,Colombia,185.184.32.167
872,Merrile,Jeffreys,mjeffreyso7@sogou.com,Indonesia,91.134.92.64
873,Ramon,MacGettigen,rmacgettigeno8@weebly.com,Indonesia,131.212.159.167
874,Pen,Ben,pbeno9@columbia.edu,Brazil,118.173.116.174
875,Xena,Heeron,xheeronoa@delicious.com,China,106.89.180.105
876,Tobit,Gronowe,tgronoweob@tiny.cc,Sri Lanka,166.154.222.128
877,Cass,McCole,cmccoleoc@guardian.co.uk,Philippines,190.245.209.98
878,Matilda,Bakes,mbakesod@cbslocal.com,South Africa,233.132.95.56
879,Diandra,Amoss,damossoe@japanpost.jp,Indonesia,112.193.104.14
880,Zorine,Strank,zstrankof@vkontakte.ru,China,52.48.221.101
881,Verla,Cowap,vcowapog@virginia.edu,Zambia,127.241.49.189
882,Glendon,Treace,gtreaceoh@cnn.com,Dominican Republic,77.55.87.173
883,Griffy,Morat,gmoratoi@rambler.ru,Ireland,28.19.229.150
884,Romona,Scarman,rscarmanoj@reddit.com,China,177.103.177.242
885,Noreen,Burgane,nburganeok@typepad.com,Tanzania,137.26.139.106
886,Maryanne,Hessenthaler,mhessenthalerol@dell.com,Indonesia,126.253.84.51
887,Myrtice,Brecher,mbrecherom@quantcast.com,Thailand,106.43.64.13
888,Karine,O'Curran,kocurranon@imgur.com,Russia,106.147.186.134
889,Shirlene,Pinnigar,spinnigaroo@ocn.ne.jp,Cayman Islands,141.69.57.67
890,Marten,McRavey,mmcraveyop@sciencedirect.com,China,105.56.110.125
891,Dallas,Jovanovic,djovanovicoq@vinaora.com,Portugal,83.199.176.62
892,Domenic,Crowne,dcrowneor@army.mil,Indonesia,198.105.181.192
893,Ingamar,Goodchild,igoodchildos@prlog.org,France,179.225.238.75
894,Broddy,Skittrall,bskittrallot@japanpost.jp,China,195.67.197.33
895,Barron,Uc,bucou@chronoengine.com,China,251.1.233.9
896,Jeno,Trodd,jtroddov@arizona.edu,Peru,163.51.91.55
897,Hervey,Leyre,hleyreow@newyorker.com,Philippines,140.90.244.108
898,Galvin,Trim,gtrimox@house.gov,Portugal,34.227.240.197
899,Gretel,Beall,gbealloy@nyu.edu,Ukraine,5.62.84.253
900,Nana,Martinon,nmartinonoz@bing.com,Thailand,108.165.4.143
901,Zandra,Emmott,zemmottp0@weibo.com,Sweden,168.249.84.204
902,Raynard,Roscow,rroscowp1@soup.io,United States,114.228.197.142
903,Darleen,Coils,dcoilsp2@quantcast.com,Thailand,142.92.201.181
904,Lola,Stores,lstoresp3@netlog.com,Guatemala,189.157.244.16
905,Justinian,Codling,jcodlingp4@ow.ly,Indonesia,228.21.103.170
906,Pammy,Maleby,pmalebyp5@newyorker.com,Egypt,225.4.209.211
907,Gussy,Minchindon,gminchindonp6@guardian.co.uk,Reunion,135.42.126.194
908,Kiri,Hanhard,khanhardp7@indiegogo.com,Indonesia,66.84.145.37
909,August,MacSwayde,amacswaydep8@npr.org,Ukraine,236.251.184.191
910,Celene,Mish,cmishp9@epa.gov,Poland,33.124.116.99
911,Dall,Bazeley,dbazeleypa@foxnews.com,Russia,120.61.57.212
912,Huey,McCart,hmccartpb@homestead.com,United States,181.225.85.49
913,Ed,Joly,ejolypc@mtv.com,Sweden,222.251.201.80
914,Dorothea,Stell,dstellpd@slate.com,Czech Republic,173.205.226.49
915,Cord,Idell,cidellpe@studiopress.com,Costa Rica,222.135.223.214
916,Dietrich,Gierhard,dgierhardpf@1und1.de,Argentina,97.133.90.21
917,Mordy,Gilkison,mgilkisonpg@theatlantic.com,Canada,150.169.38.239
918,Nicolais,O' Quirk,noquirkph@php.net,China,62.191.103.121
919,Bartholomeus,Le Jean,blejeanpi@theglobeandmail.com,Colombia,130.153.129.252
920,Luciano,Burde,lburdepj@jimdo.com,Mauritius,30.82.157.124
921,Mose,Cinelli,mcinellipk@blogs.com,Indonesia,149.57.1.204
922,Casandra,Havock,chavockpl@desdev.cn,Greece,88.77.163.105
923,Ninnetta,Aughton,naughtonpm@pagesperso-orange.fr,Philippines,166.169.223.161
924,Vilma,McNea,vmcneapn@123-reg.co.uk,Russia,204.67.96.154
925,Jena,Nurny,jnurnypo@netvibes.com,Vietnam,125.56.103.120
926,Jehu,Gerin,jgerinpp@guardian.co.uk,Indonesia,171.154.92.154
927,Richart,Huke,rhukepq@surveymonkey.com,Dominican Republic,187.89.82.101
928,Aube,Gettins,agettinspr@telegraph.co.uk,United States,23.227.70.221
929,Osborn,Kervin,okervinps@timesonline.co.uk,Nigeria,252.228.104.52
930,Sher,Duffet,sduffetpt@acquirethisname.com,North Korea,222.221.6.30
931,Beverlie,Looks,blookspu@4shared.com,Sweden,53.233.169.197
932,Tori,Allsep,tallseppv@sourceforge.net,Croatia,255.237.36.167
933,Jared,Vasic,jvasicpw@mozilla.com,South Korea,111.146.47.251
934,Oralie,McClelland,omcclellandpx@aol.com,Cameroon,28.13.16.21
935,Cecilius,Vader,cvaderpy@fotki.com,Poland,242.247.181.136
936,Isabelle,Cumbridge,icumbridgepz@ox.ac.uk,Tajikistan,99.27.84.125
937,Dotti,Willets,dwilletsq0@fc2.com,Yemen,253.132.190.171
938,Alverta,McCrachen,amccrachenq1@elegantthemes.com,China,88.59.86.144
939,Wood,Falla,wfallaq2@sohu.com,Ukraine,50.136.10.43
940,Dotti,Trobridge,dtrobridgeq3@samsung.com,Poland,152.242.215.154
941,Fraser,Edmott,fedmottq4@wsj.com,Philippines,114.248.65.238
942,Sampson,Gorner,sgornerq5@unblog.fr,United Kingdom,54.146.183.230
943,Arman,Brimacombe,abrimacombeq6@ihg.com,Portugal,7.5.153.47
944,Keriann,Bridle,kbridleq7@mtv.com,Indonesia,154.221.108.125
945,Rana,Gleadhell,rgleadhellq8@joomla.org,Japan,34.63.161.31
946,Allin,Doe,adoeq9@cam.ac.uk,Trinidad and Tobago,47.244.139.199
947,Demetris,Corrett,dcorrettqa@reference.com,Venezuela,47.100.90.166
948,Kai,Schober,kschoberqb@wikipedia.org,Indonesia,236.227.192.49
949,Addie,Kidd,akiddqc@umich.edu,Portugal,255.76.91.102
950,Jaquenetta,Oakes,joakesqd@typepad.com,Indonesia,37.13.235.13
951,Etheline,Ingleston,einglestonqe@ucla.edu,Russia,80.52.74.17
952,Walden,Paulazzi,wpaulazziqf@xing.com,France,205.168.15.226
953,Thelma,Vasyanin,tvasyaninqg@sciencedirect.com,China,158.170.166.167
954,Stanislaw,Orviss,sorvissqh@creativecommons.org,Poland,255.22.213.215
955,Pascal,Newrick,pnewrickqi@unesco.org,Philippines,230.48.43.76
956,Joan,Vlasenko,jvlasenkoqj@yale.edu,Czech Republic,129.176.130.188
957,Lydon,Norkett,lnorkettqk@bluehost.com,Indonesia,49.168.12.121
958,Horst,Lamberti,hlambertiql@gravatar.com,Philippines,52.1.122.68
959,Kirstin,Youngman,kyoungmanqm@wisc.edu,Vietnam,214.195.77.200
960,Boyd,Laurentino,blaurentinoqn@slideshare.net,Indonesia,28.7.219.180
961,Dulce,Osorio,dosorioqo@oakley.com,Philippines,238.3.125.33
962,Mandy,Mapston,mmapstonqp@slashdot.org,China,157.169.8.25
963,Stanleigh,Colhoun,scolhounqq@smugmug.com,Colombia,225.78.29.11
964,Maxim,Silverthorn,msilverthornqr@skyrock.com,France,181.128.10.250
965,Kendell,Dalzell,kdalzellqs@constantcontact.com,China,39.35.155.166
966,Dominica,Cracknell,dcracknellqt@prlog.org,Estonia,250.226.252.38
967,Cherilynn,Isenor,cisenorqu@oaic.gov.au,Palestinian Territory,104.243.66.211
968,Meagan,Purkiss,mpurkissqv@mashable.com,Sweden,237.103.95.56
969,Idell,Franceschelli,ifranceschelliqw@gnu.org,Ireland,164.196.223.38
970,Cissiee,Goning,cgoningqx@bloomberg.com,Indonesia,11.5.48.99
971,Ashly,Dowrey,adowreyqy@storify.com,Czech Republic,7.103.153.95
972,Brook,Grimstead,bgrimsteadqz@vinaora.com,Russia,200.220.154.48
973,Catherin,Jewis,cjewisr0@nps.gov,United States,103.252.69.78
974,Eldon,Stewart,estewartr1@youtu.be,Brazil,33.248.198.195
975,Pier,Artinstall,partinstallr2@cmu.edu,Trinidad and Tobago,111.20.212.152
976,Pietro,Lettsom,plettsomr3@ebay.com,Portugal,180.180.144.113
977,Jehanna,Cavozzi,jcavozzir4@aol.com,Vietnam,103.32.190.107
978,Erin,Sheringham,esheringhamr5@sogou.com,Albania,71.55.196.216
979,Roxana,Curlis,rcurlisr6@time.com,Philippines,210.100.214.169
980,Marylinda,Frazier,mfrazierr7@ebay.co.uk,Russia,219.166.41.19
981,Heather,Bearsmore,hbearsmorer8@ow.ly,Russia,201.97.135.103
982,Georgina,Pettus,gpettusr9@ebay.co.uk,Tunisia,20.35.71.232
983,Amalee,Tampin,atampinra@themeforest.net,Madagascar,107.142.169.237
984,Godfrey,Phillins,gphillinsrb@4shared.com,China,47.212.152.111
985,Hinda,Iacovazzi,hiacovazzirc@yellowbook.com,Poland,180.189.25.148
986,Gweneth,Brigham,gbrighamrd@icio.us,Philippines,31.208.98.38
987,Lorette,Gilphillan,lgilphillanre@cloudflare.com,Russia,51.153.148.186
988,Kristoffer,Jeandillou,kjeandillourf@ezinearticles.com,Germany,166.9.135.202
989,Jobie,Vlies,jvliesrg@naver.com,China,149.187.223.90
990,Fanya,Ronald,fronaldrh@sphinn.com,China,136.133.203.217
991,Kipp,Barhems,kbarhemsri@homestead.com,Reunion,178.137.160.158
992,Bobbie,Joy,bjoyrj@mtv.com,Chile,83.233.128.51
993,Albertine,Lawrenz,alawrenzrk@opensource.org,China,105.0.10.226
994,Evie,Jonathon,ejonathonrl@dmoz.org,Indonesia,88.151.31.191
995,Nataline,Ablitt,nablittrm@nytimes.com,Ireland,202.18.138.54
996,Roosevelt,Bartholin,rbartholinrn@shinystat.com,United States,49.169.14.164
997,Loree,Rennox,lrennoxro@sourceforge.net,Portugal,243.23.88.231
998,Ernie,Bauchop,ebauchoprp@hhs.gov,Poland,30.7.228.101
999,Elfrida,Aymes,eaymesrq@ibm.com,Russia,95.70.252.93
1000,Adora,Sainsbury,asainsburyrr@dmoz.org,Portugal,164.154.56.41
