id,first_name,last_name,email
1,Marchelle,Matzaitis,mmatzaitis0@va.gov
2,Bernardo,Fricker,bfricker1@timesonline.co.uk
3,Frayda,Witchalls,fwitchalls2@bluehost.com
4,Bambi,Mattaser,bmattaser3@clickbank.net
5,Sharl,Guice,sguice4@tinyurl.com
6,Susann,Jeske,sjeske5@g.co
7,Blaine,Greening,bgreening6@t.co
8,Weidar,Gullefant,wgullefant7@dagondesign.com
9,Dunc,Stillwell,dstillwell8@friendfeed.com
10,Sada,Perello,sperello9@xing.com
11,Alfy,McCloy,amccloya@shop-pro.jp
12,Karlis,Shirt,kshirtb@marketwatch.com
13,Joe,Nineham,jninehamc@comsenz.com
14,Dasya,McAleese,dmcaleesed@hao123.com
15,Shara,Nanninini,snannininie@squidoo.com
16,Odille,Abdee,oabdeef@reddit.com
17,Udell,Likely,ulikelyg@time.com
18,Lonny,Vango,lvangoh@indiatimes.com
19,Elladine,Hamblington,ehamblingtoni@sakura.ne.jp
20,Cob,Kelk,ckelkj@state.gov
21,Hardy,Magnar,hmagnark@unblog.fr
22,Cullie,Caras,ccarasl@alexa.com
23,Chet,Pauling,cpaulingm@goodreads.com
24,Doris,Peet,dpeetn@mozilla.org
25,Helaine,McCathie,hmccathieo@indiegogo.com
26,Cindie,MacCallister,cmaccallisterp@ucoz.ru
27,Nicky,Judd,njuddq@multiply.com
28,Caritta,Andries,candriesr@zdnet.com
29,Lanny,Kleinhausen,lkleinhausens@plala.or.jp
30,Kermie,Frances,kfrancest@meetup.com
31,Stesha,Tenny,stennyu@nature.com
32,Mirna,Stoker,mstokerv@fotki.com
33,Juliane,Fasey,jfaseyw@wordpress.org
34,Sherwynd,McGenn,smcgennx@google.fr
35,Darb,Skunes,dskunesy@samsung.com
36,Alvis,Gustus,agustusz@nps.gov
37,Malena,Raisher,mraisher10@marketwatch.com
38,Bailey,Hanssmann,bhanssmann11@linkedin.com
39,Lee,Palphreyman,lpalphreyman12@miibeian.gov.cn
40,Fair,Scrowton,fscrowton13@google.nl
41,Van,Brownbridge,vbrownbridge14@opensource.org
42,Gay,Castro,gcastro15@opera.com
43,Brandice,McIlveen,bmcilveen16@exblog.jp
44,Kristen,Dallemore,kdallemore17@ebay.co.uk
45,Octavia,Mallindine,omallindine18@webnode.com
46,Heather,Kilfeather,hkilfeather19@engadget.com
47,Mariann,Guppie,mguppie1a@cyberchimps.com
48,Inga,Ughelli,iughelli1b@who.int
49,Twila,Jatczak,tjatczak1c@meetup.com
50,Quinta,Crowden,qcrowden1d@bigcartel.com
51,Frederick,Sommerlin,fsommerlin1e@ameblo.jp
52,Kenna,Cubbit,kcubbit1f@whitehouse.gov
53,Vin,Greville,vgreville1g@theguardian.com
54,Arley,Antonowicz,aantonowicz1h@harvard.edu
55,Marshall,Kristiansen,mkristiansen1i@sphinn.com
56,Tamarra,Guirard,tguirard1j@ft.com
57,Chloris,Farre,cfarre1k@reference.com
58,North,Gilmartin,ngilmartin1l@disqus.com
59,Daisi,Brickwood,dbrickwood1m@stumbleupon.com
60,Brana,Halgarth,bhalgarth1n@pcworld.com
61,Farlee,Weblin,fweblin1o@engadget.com
62,Melissa,Ingilson,mingilson1p@smh.com.au
63,Cassey,Muckersie,cmuckersie1q@buzzfeed.com
64,Avis,Rochford,arochford1r@twitpic.com
65,Catriona,Escalero,cescalero1s@oaic.gov.au
66,Stacia,Seagrove,sseagrove1t@elegantthemes.com
67,Sid,Robke,srobke1u@hp.com
68,Zia,Galler,zgaller1v@ucoz.ru
69,Carce,Matthai,cmatthai1w@prnewswire.com
70,Alina,Adie,aadie1x@spotify.com
71,Philippa,Lydiard,plydiard1y@bloglovin.com
72,Justina,Saunderson,jsaunderson1z@theatlantic.com
73,Bryn,Tropman,btropman20@xrea.com
74,Alanna,Pietron,apietron21@hexun.com
75,Jim,Bonome,jbonome22@scribd.com
76,Osbourne,Hatje,ohatje23@issuu.com
77,Cherilyn,Ramard,cramard24@amazon.co.jp
78,Terrye,Macari,tmacari25@infoseek.co.jp
79,Harlie,Drexel,hdrexel26@digg.com
80,Morgun,Beevors,mbeevors27@spiegel.de
81,Banky,Bush,bbush28@nationalgeographic.com
82,Danice,Haines,dhaines29@prlog.org
83,Appolonia,Featenby,afeatenby2a@omniture.com
84,Erena,Thoresbie,ethoresbie2b@java.com
85,Andra,Beacham,abeacham2c@diigo.com
86,Jourdain,Whorlton,jwhorlton2d@linkedin.com
87,Loydie,Cometti,lcometti2e@printfriendly.com
88,Currey,Roscow,croscow2f@diigo.com
89,Giffie,Brierton,gbrierton2g@t.co
90,Sheeree,Dorset,sdorset2h@alexa.com
91,Helge,Milam,hmilam2i@biblegateway.com
92,Avis,Meyer,ameyer2j@earthlink.net
93,Gallard,Castenda,gcastenda2k@nasa.gov
94,Bartholomeus,Neles,bneles2l@disqus.com
95,Marguerite,Watkins,mwatkins2m@google.pl
96,Dulcinea,Botly,dbotly2n@prnewswire.com
97,Cammie,McTrustie,cmctrustie2o@businessweek.com
98,Tresa,Newis,tnewis2p@instagram.com
99,Cchaddie,Pennings,cpennings2q@vkontakte.ru
100,Johnnie,Oxenden,joxenden2r@prnewswire.com
101,Enrico,Ibbison,eibbison2s@irs.gov
102,Henderson,Twelftree,htwelftree2t@godaddy.com
103,Lynnelle,Teck,lteck2u@umich.edu
104,Silva,Thackeray,sthackeray2v@ow.ly
105,Kirstin,Corradetti,kcorradetti2w@eventbrite.com
106,Brocky,Milmo,bmilmo2x@dailymail.co.uk
107,Ivory,Barraclough,ibarraclough2y@uiuc.edu
108,Neil,Fones,nfones2z@qq.com
109,Corrinne,Rheam,crheam30@prnewswire.com
110,Evelyn,Revie,erevie31@nps.gov
111,Aristotle,Dulinty,adulinty32@slideshare.net
112,Bronnie,Parkes,bparkes33@purevolume.com
113,Curtice,Widdup,cwiddup34@hostgator.com
114,Ursala,Poley,upoley35@house.gov
115,Robinet,Norker,rnorker36@facebook.com
116,Debi,Legendre,dlegendre37@xinhuanet.com
117,Meara,Airds,mairds38@blogtalkradio.com
118,Field,Sunnex,fsunnex39@g.co
119,Gabby,O'Lehane,golehane3a@nba.com
120,Lurline,Zoephel,lzoephel3b@harvard.edu
121,Tull,Devote,tdevote3c@free.fr
122,Ardith,Dargavel,adargavel3d@quantcast.com
123,Linell,Corkell,lcorkell3e@vkontakte.ru
124,Ban,Keenor,bkeenor3f@about.com
125,Claire,Shelly,cshelly3g@imgur.com
126,Olva,Gorey,ogorey3h@amazon.de
127,Jacquelynn,Fuidge,jfuidge3i@tinypic.com
128,Maxim,Beviss,mbeviss3j@goodreads.com
129,Wadsworth,Mattosoff,wmattosoff3k@flavors.me
130,Edith,Rustan,erustan3l@omniture.com
131,Van,Vanes,vvanes3m@prnewswire.com
132,Bendix,Okenden,bokenden3n@whitehouse.gov
133,Amberly,Mehmet,amehmet3o@squarespace.com
134,Jolie,Pyer,jpyer3p@home.pl
135,Corinne,Trahearn,ctrahearn3q@freewebs.com
136,Cicely,Keast,ckeast3r@hostgator.com
137,Leora,Klauer,lklauer3s@xrea.com
138,Bernette,Tuxwell,btuxwell3t@tamu.edu
139,Karalynn,Wilcocke,kwilcocke3u@boston.com
140,Archibold,Orrobin,aorrobin3v@slashdot.org
141,Euphemia,Alty,ealty3w@squarespace.com
142,Hart,Bussey,hbussey3x@uiuc.edu
143,Willetta,Knights,wknights3y@usda.gov
144,Tressa,Antyshev,tantyshev3z@sciencedirect.com
145,Alvera,Seyfart,aseyfart40@state.gov
146,Ofilia,Rubinshtein,orubinshtein41@ucsd.edu
147,Derward,Gilbank,dgilbank42@parallels.com
148,Gaylord,Labrenz,glabrenz43@i2i.jp
149,Harlen,Bartlomiejczyk,hbartlomiejczyk44@themeforest.net
150,Crystie,Ruger,cruger45@auda.org.au
151,Eugenie,Bullon,ebullon46@goo.gl
152,Selby,Gotmann,sgotmann47@china.com.cn
153,Aaron,McBeth,amcbeth48@so-net.ne.jp
154,Sherye,Hallam,shallam49@upenn.edu
155,Chrissy,Bote,cbote4a@ning.com
156,Brunhilda,Reavell,breavell4b@desdev.cn
157,Aristotle,Duberry,aduberry4c@symantec.com
158,Mahmud,Hudd,mhudd4d@smh.com.au
159,Suki,Krzyzowski,skrzyzowski4e@mashable.com
160,Errick,Packington,epackington4f@joomla.org
161,Randal,Kundert,rkundert4g@fastcompany.com
162,Bengt,Quelch,bquelch4h@accuweather.com
163,Patrice,Anand,panand4i@barnesandnoble.com
164,Yoko,Bengtsen,ybengtsen4j@tripod.com
165,Camey,Cahill,ccahill4k@homestead.com
166,Donielle,Riquet,driquet4l@i2i.jp
167,Major,Brixham,mbrixham4m@jiathis.com
168,Sharron,Struthers,sstruthers4n@digg.com
169,Rosana,Barlthrop,rbarlthrop4o@de.vu
170,Frederic,Clunan,fclunan4p@yellowpages.com
171,Riannon,Chatelot,rchatelot4q@businesswire.com
172,Brinn,Slaymaker,bslaymaker4r@buzzfeed.com
173,Stefano,Roles,sroles4s@xrea.com
174,Jacklyn,O'Scandall,joscandall4t@twitter.com
175,Erwin,Ivermee,eivermee4u@unc.edu
176,Jaquenetta,Brodeur,jbrodeur4v@prweb.com
177,Agnese,Dockree,adockree4w@desdev.cn
178,Wells,Janew,wjanew4x@merriam-webster.com
179,Irita,Lycett,ilycett4y@netvibes.com
180,Jourdain,Folk,jfolk4z@wix.com
181,Ellene,Benbrick,ebenbrick50@timesonline.co.uk
182,Francine,Crosswaite,fcrosswaite51@wp.com
183,Arlee,Kleiser,akleiser52@wufoo.com
184,Raff,Coleiro,rcoleiro53@phoca.cz
185,Cyndy,Krolman,ckrolman54@chicagotribune.com
186,Meier,Freda,mfreda55@theatlantic.com
187,Audy,Spurrior,aspurrior56@alexa.com
188,Johnnie,O'Cooney,jocooney57@vinaora.com
189,Murielle,Deeprose,mdeeprose58@wordpress.com
190,Aland,Labbet,alabbet59@myspace.com
191,Toni,Scothorn,tscothorn5a@shop-pro.jp
192,Marilyn,Kellert,mkellert5b@timesonline.co.uk
193,Vinnie,Bicksteth,vbicksteth5c@linkedin.com
194,Jerrylee,Tibald,jtibald5d@nps.gov
195,Tandi,Varney,tvarney5e@pcworld.com
196,Wylma,Soars,wsoars5f@seattletimes.com
197,Milzie,McNevin,mmcnevin5g@nasa.gov
198,Gabriele,Ciementini,gciementini5h@feedburner.com
199,Elsworth,Henniger,ehenniger5i@tuttocitta.it
200,Bryn,Lauchlan,blauchlan5j@hubpages.com
201,Joey,Bollam,jbollam5k@exblog.jp
202,Noel,Middlebrook,nmiddlebrook5l@ebay.com
203,Ingeborg,Grandisson,igrandisson5m@fotki.com
204,Loraine,Fomichkin,lfomichkin5n@msu.edu
205,Montague,Gorriessen,mgorriessen5o@forbes.com
206,Rollie,Sidebotham,rsidebotham5p@miitbeian.gov.cn
207,Filippa,Girault,fgirault5q@comcast.net
208,Georgena,Trayes,gtrayes5r@slashdot.org
209,Evangeline,Josse,ejosse5s@hp.com
210,Kurt,Farrier,kfarrier5t@illinois.edu
211,Appolonia,Oganian,aoganian5u@yellowbook.com
212,Arabelle,Grinstead,agrinstead5v@google.nl
213,Eilis,O'Noland,eonoland5w@cisco.com
214,Kalie,Isaacs,kisaacs5x@indiatimes.com
215,Amos,Feilden,afeilden5y@sphinn.com
216,Moria,Leathes,mleathes5z@studiopress.com
217,Imelda,Grece,igrece60@plala.or.jp
218,Shawn,Mundie,smundie61@unc.edu
219,Niccolo,Meadmore,nmeadmore62@netvibes.com
220,Mara,Jozwik,mjozwik63@dell.com
221,Marina,Soall,msoall64@arizona.edu
222,Tonia,Hugo,thugo65@bravesites.com
223,Avram,Wauchope,awauchope66@dagondesign.com
224,Cthrine,Bollum,cbollum67@google.co.uk
225,Pincas,Janic,pjanic68@alexa.com
226,Matthaeus,Martinuzzi,mmartinuzzi69@delicious.com
227,Jobi,Loines,jloines6a@imageshack.us
228,Lexie,Van Der Weedenburg,lvanderweedenburg6b@vinaora.com
229,Reinaldo,Melmore,rmelmore6c@theguardian.com
230,Linn,Boays,lboays6d@ted.com
231,Halette,Stallworthy,hstallworthy6e@theglobeandmail.com
232,Marcelia,Cardenas,mcardenas6f@google.es
233,Sarita,Dalton,sdalton6g@bbc.co.uk
234,Welsh,Fifield,wfifield6h@springer.com
235,Effie,Beumant,ebeumant6i@businesswire.com
236,Ric,O'Geaney,rogeaney6j@livejournal.com
237,Ruthanne,Heibel,rheibel6k@g.co
238,Luci,McBean,lmcbean6l@hc360.com
239,Kala,Pettis,kpettis6m@wired.com
240,Alfie,Vickors,avickors6n@vimeo.com
241,Eberhard,Bruff,ebruff6o@amazon.co.uk
242,Gifford,Valens-Smith,gvalenssmith6p@latimes.com
243,Dasha,Milberry,dmilberry6q@devhub.com
244,Edgard,Popov,epopov6r@cmu.edu
245,Kaela,Deplacido,kdeplacido6s@nps.gov
246,Pavel,Runcie,pruncie6t@gizmodo.com
247,Jodee,Foldes,jfoldes6u@chicagotribune.com
248,Darla,Athowe,dathowe6v@smugmug.com
249,Ring,Monkeman,rmonkeman6w@printfriendly.com
250,Cheryl,Tufts,ctufts6x@so-net.ne.jp
251,Dannie,Peer,dpeer6y@yelp.com
252,Robinet,Anstis,ranstis6z@elegantthemes.com
253,Terrell,Collishaw,tcollishaw70@xing.com
254,Alia,Jestico,ajestico71@hubpages.com
255,Minne,McAirt,mmcairt72@tumblr.com
256,Vitia,Stanyon,vstanyon73@oracle.com
257,Felike,Bexley,fbexley74@bluehost.com
258,Hoyt,Fletcher,hfletcher75@buzzfeed.com
259,Laura,Tobias,ltobias76@usgs.gov
260,Remy,Dehm,rdehm77@twitpic.com
261,Thorsten,Tynewell,ttynewell78@youtu.be
262,Kaylee,Really,kreally79@hhs.gov
263,Carmel,Baudin,cbaudin7a@apple.com
264,Bern,Browse,bbrowse7b@jigsy.com
265,Carina,Hagerty,chagerty7c@wikia.com
266,Kaylil,Meggison,kmeggison7d@miitbeian.gov.cn
267,Bunny,Thewless,bthewless7e@rediff.com
268,Ammamaria,Creddon,acreddon7f@virginia.edu
269,Roda,Casarino,rcasarino7g@abc.net.au
270,Seymour,Blase,sblase7h@ow.ly
271,Caroline,Strotton,cstrotton7i@sphinn.com
272,Evin,Annell,eannell7j@twitpic.com
273,Edvard,Pulver,epulver7k@artisteer.com
274,Mischa,Warnock,mwarnock7l@nytimes.com
275,Anjela,Jennens,ajennens7m@businessweek.com
276,Cacilia,Feakins,cfeakins7n@hostgator.com
277,Annamarie,Braithwaite,abraithwaite7o@bandcamp.com
278,Thornie,Bernard,tbernard7p@chron.com
279,Antonio,Pfeiffer,apfeiffer7q@uol.com.br
280,Keir,Tolworth,ktolworth7r@army.mil
281,Monroe,Syplus,msyplus7s@slideshare.net
282,Quintin,Getley,qgetley7t@deliciousdays.com
283,Kippy,Hanstock,khanstock7u@4shared.com
284,Christie,Matuska,cmatuska7v@edublogs.org
285,Richart,Mowbury,rmowbury7w@un.org
286,Lainey,Huckett,lhuckett7x@lycos.com
287,Allina,Rowet,arowet7y@csmonitor.com
288,Nigel,Rubinov,nrubinov7z@edublogs.org
289,Kellina,Futter,kfutter80@kickstarter.com
290,Dody,Blance,dblance81@epa.gov
291,Kayley,Corsan,kcorsan82@elegantthemes.com
292,Bess,Llewelyn,bllewelyn83@godaddy.com
293,Nomi,Gammack,ngammack84@mozilla.org
294,Mabelle,Stripling,mstripling85@ibm.com
295,Dwight,Blakebrough,dblakebrough86@apache.org
296,Justina,Somner,jsomner87@nymag.com
297,Vasily,Stonelake,vstonelake88@tripod.com
298,Wynn,Haile,whaile89@about.me
299,Naoma,Chivrall,nchivrall8a@fema.gov
300,Flory,Wincott,fwincott8b@blogtalkradio.com
301,Verge,Londesborough,vlondesborough8c@woothemes.com
302,Jerry,Yeoman,jyeoman8d@tamu.edu
303,Benedicta,Uvedale,buvedale8e@godaddy.com
304,Pen,Mead,pmead8f@ibm.com
305,Leanor,Manchett,lmanchett8g@sitemeter.com
306,Gertie,Kleynermans,gkleynermans8h@cocolog-nifty.com
307,Ado,Hawkes,ahawkes8i@drupal.org
308,Dana,Graffin,dgraffin8j@reddit.com
309,Britteny,Brinkworth,bbrinkworth8k@imgur.com
310,Henrik,Gaskins,hgaskins8l@pagesperso-orange.fr
311,Sigrid,Denning,sdenning8m@ameblo.jp
312,Wileen,Benardette,wbenardette8n@hugedomains.com
313,Nydia,Toffalo,ntoffalo8o@gizmodo.com
314,Aubrey,Sayce,asayce8p@lulu.com
315,Arlette,Balas,abalas8q@about.com
316,Angela,Haggerston,ahaggerston8r@webs.com
317,Waverley,Kuhnwald,wkuhnwald8s@icio.us
318,Rodolphe,Duthy,rduthy8t@amazon.com
319,Linn,Seers,lseers8u@angelfire.com
320,Kellen,Polack,kpolack8v@webnode.com
321,Ruddy,Malam,rmalam8w@sina.com.cn
322,Ginger,Chansonnau,gchansonnau8x@live.com
323,Atlante,Laban,alaban8y@posterous.com
324,Rachelle,Guterson,rguterson8z@flavors.me
325,Caresse,Maharey,cmaharey90@ihg.com
326,Gillie,Guilayn,gguilayn91@prlog.org
327,Rosabella,Haighton,rhaighton92@360.cn
328,Zach,Saw,zsaw93@google.co.uk
329,Cora,Showl,cshowl94@discovery.com
330,Beniamino,Tuffey,btuffey95@naver.com
331,Katee,Bakewell,kbakewell96@unicef.org
332,Candida,Uttermare,cuttermare97@webeden.co.uk
333,Welbie,Belton,wbelton98@usa.gov
334,Tedman,Francisco,tfrancisco99@homestead.com
335,Brandon,Mussard,bmussard9a@miitbeian.gov.cn
336,Gerri,Stanyforth,gstanyforth9b@pagesperso-orange.fr
337,Florrie,Echallier,fechallier9c@psu.edu
338,Benedicto,Chaffer,bchaffer9d@wix.com
339,Damaris,Batsford,dbatsford9e@vistaprint.com
340,Calla,Beahan,cbeahan9f@rakuten.co.jp
341,Loree,Wreath,lwreath9g@mail.ru
342,Yehudi,Cleyne,ycleyne9h@icio.us
343,Cindelyn,Paffitt,cpaffitt9i@deliciousdays.com
344,Karlotte,Hollingsby,khollingsby9j@virginia.edu
345,Eugenius,Navaro,enavaro9k@g.co
346,Torie,Ioannou,tioannou9l@weebly.com
347,Cornie,Keatch,ckeatch9m@blogs.com
348,Crystal,Darth,cdarth9n@ftc.gov
349,Ivan,Elegood,ielegood9o@ibm.com
350,Cherri,McKenney,cmckenney9p@t.co
351,Caril,Jansey,cjansey9q@tripod.com
352,Leon,Twentyman,ltwentyman9r@blogger.com
353,Ashia,Reppaport,areppaport9s@army.mil
354,Murdock,Battle,mbattle9t@t-online.de
355,Tully,Winston,twinston9u@creativecommons.org
356,Hayley,Lawlee,hlawlee9v@ted.com
357,Tierney,Bearcroft,tbearcroft9w@fda.gov
358,Tessa,Cavill,tcavill9x@yellowpages.com
359,Delbert,Duding,dduding9y@answers.com
360,Keeley,Brettle,kbrettle9z@photobucket.com
361,Osborn,Mottram,omottrama0@usnews.com
362,Maridel,Hollington,mhollingtona1@xing.com
363,Sissie,Blacker,sblackera2@godaddy.com
364,Crista,Pettingill,cpettingilla3@seesaa.net
365,Ingeborg,Latan,ilatana4@jigsy.com
366,Selia,Ricardot,sricardota5@google.fr
367,Jacintha,Napoleon,jnapoleona6@tripod.com
368,Royal,Grisdale,rgrisdalea7@storify.com
369,Marillin,Moylane,mmoylanea8@behance.net
370,Salomone,Ames,samesa9@artisteer.com
371,Aloisia,Yeskov,ayeskovaa@paginegialle.it
372,Willie,Sancho,wsanchoab@wikia.com
373,Marietta,Atkyns,matkynsac@chicagotribune.com
374,Yasmin,Edgeson,yedgesonad@howstuffworks.com
375,Angela,Gleeson,agleesonae@noaa.gov
376,Paxton,Bauldrey,pbauldreyaf@shareasale.com
377,Imelda,Marc,imarcag@wordpress.com
378,Phillipe,Domerque,pdomerqueah@rambler.ru
379,Josey,Callcott,jcallcottai@vistaprint.com
380,Lara,Steely,lsteelyaj@nationalgeographic.com
381,Aubert,Le - Count,alecountak@pbs.org
382,Zebulen,MacComiskey,zmaccomiskeyal@taobao.com
383,Matilda,Alanbrooke,malanbrookeam@etsy.com
384,Aurora,Bagnal,abagnalan@telegraph.co.uk
385,Callida,Yeldon,cyeldonao@amazon.de
386,Ceciley,McClintock,cmcclintockap@google.fr
387,Nicko,Hellmer,nhellmeraq@google.com.hk
388,Chancey,Richmont,crichmontar@mail.ru
389,Leann,Fyfe,lfyfeas@kickstarter.com
390,Bendix,Jacobi,bjacobiat@edublogs.org
391,Edith,Cavanagh,ecavanaghau@rediff.com
392,Berk,Algeo,balgeoav@cloudflare.com
393,Thibaud,Angove,tangoveaw@github.com
394,Leena,Kelle,lkelleax@yahoo.co.jp
395,Glendon,Keoghane,gkeoghaneay@nytimes.com
396,Stacie,Cudd,scuddaz@fema.gov
397,Johny,Mulloch,jmullochb0@mapy.cz
398,Katharine,Assaf,kassafb1@soundcloud.com
399,Billi,Moyers,bmoyersb2@myspace.com
400,Kali,Torricella,ktorricellab3@zdnet.com
401,Friedrick,Alton,faltonb4@berkeley.edu
402,Lorelei,Lishmund,llishmundb5@fda.gov
403,Niccolo,Reedman,nreedmanb6@google.nl
404,Marcella,Llorens,mllorensb7@blinklist.com
405,Orly,Vellden,ovelldenb8@vistaprint.com
406,Euphemia,Godain,egodainb9@theatlantic.com
407,Pierson,Waumsley,pwaumsleyba@hao123.com
408,Jason,Hagerty,jhagertybb@clickbank.net
409,Michel,Jiggle,mjigglebc@miitbeian.gov.cn
410,Donica,Bridgeland,dbridgelandbd@bloomberg.com
411,Kettie,Richly,krichlybe@liveinternet.ru
412,Constantina,Aberkirdo,caberkirdobf@earthlink.net
413,Quintina,Pickrell,qpickrellbg@msu.edu
414,Dulcy,Roblou,drobloubh@mtv.com
415,Sunny,Chastel,schastelbi@nytimes.com
416,Karyl,Lyttle,klyttlebj@army.mil
417,Kinnie,Sotworth,ksotworthbk@mysql.com
418,Glen,Thomazet,gthomazetbl@shareasale.com
419,Nikolai,Gilardengo,ngilardengobm@intel.com
420,Robinette,Bayle,rbaylebn@arizona.edu
421,Rafferty,O'Sheerin,rosheerinbo@com.com
422,Gerard,Egdal,gegdalbp@salon.com
423,Richart,Velden,rveldenbq@alibaba.com
424,Dulci,Coonihan,dcoonihanbr@dropbox.com
425,Gaylor,Browse,gbrowsebs@geocities.com
426,Drucill,Rankcom,drankcombt@jimdo.com
427,Chev,McIlwraith,cmcilwraithbu@phoca.cz
428,Saidee,Lumbley,slumbleybv@qq.com
429,Sophie,Ferretti,sferrettibw@over-blog.com
430,Tabitha,Osmar,tosmarbx@domainmarket.com
431,Gualterio,Wyley,gwyleyby@illinois.edu
432,Addi,Culmer,aculmerbz@altervista.org
433,Heall,Wingar,hwingarc0@is.gd
434,Merralee,Chelam,mchelamc1@bbc.co.uk
435,Nola,Moodycliffe,nmoodycliffec2@sohu.com
436,Alexio,Gerdes,agerdesc3@state.tx.us
437,Walther,Crocken,wcrockenc4@oakley.com
438,Jaymee,Hamshere,jhamsherec5@arstechnica.com
439,Gale,Paolino,gpaolinoc6@nba.com
440,Axel,Goadby,agoadbyc7@goo.ne.jp
441,Caryl,Rylett,crylettc8@uiuc.edu
442,Beret,Robart,brobartc9@squidoo.com
443,Nicol,Knott,nknottca@ezinearticles.com
444,Anastasia,Baynom,abaynomcb@berkeley.edu
445,Fionna,Hebblethwaite,fhebblethwaitecc@pen.io
446,Chastity,Warrener,cwarrenercd@economist.com
447,Cleo,Batrip,cbatripce@skype.com
448,Torre,Vaudin,tvaudincf@wikimedia.org
449,Sandra,Duiguid,sduiguidcg@businesswire.com
450,Nikolaus,Hoble,nhoblech@google.nl
451,Merry,Acors,macorsci@prnewswire.com
452,Konstantin,O'Shiel,koshielcj@flickr.com
453,Dag,Sweating,dsweatingck@bbb.org
454,Alanna,Yosselevitch,ayosselevitchcl@whitehouse.gov
455,Ryon,Whild,rwhildcm@sun.com
456,Minetta,Temporal,mtemporalcn@ifeng.com
457,Natal,McCarly,nmccarlyco@topsy.com
458,Dirk,Durnall,ddurnallcp@vinaora.com
459,Sofie,Soigne,ssoignecq@123-reg.co.uk
460,Minny,Mingus,mminguscr@miibeian.gov.cn
461,Ceil,Beswell,cbeswellcs@comcast.net
462,Lianna,Cubbinelli,lcubbinellict@bluehost.com
463,Evangelin,Greenhough,egreenhoughcu@163.com
464,Rudie,Oulet,rouletcv@yolasite.com
465,Francesca,Aylwin,faylwincw@nationalgeographic.com
466,Sheff,Geane,sgeanecx@clickbank.net
467,Dominique,Vahl,dvahlcy@reddit.com
468,Marnie,Whitebrook,mwhitebrookcz@is.gd
469,Rudolf,Ivanyukov,rivanyukovd0@dyndns.org
470,Farica,Diehn,fdiehnd1@squidoo.com
471,Barbaraanne,Fleming,bflemingd2@mozilla.org
472,Fredericka,Seaborne,fseaborned3@bloomberg.com
473,Isidro,Kurton,ikurtond4@ameblo.jp
474,Lutero,Oller,lollerd5@huffingtonpost.com
475,Verla,Brandassi,vbrandassid6@edublogs.org
476,Wilie,Von Helmholtz,wvonhelmholtzd7@guardian.co.uk
477,Florence,Wooler,fwoolerd8@japanpost.jp
478,Ali,Planque,aplanqued9@facebook.com
479,Fransisco,Eldered,felderedda@dell.com
480,Amy,Tams,atamsdb@rakuten.co.jp
481,Roanna,Gaven,rgavendc@surveymonkey.com
482,Candra,Fishley,cfishleydd@pen.io
483,Jermayne,Josifovic,jjosifovicde@amazon.co.uk
484,Kele,Sherred,ksherreddf@ehow.com
485,Benoit,Mound,bmounddg@jigsy.com
486,Hagan,Camilio,hcamiliodh@hhs.gov
487,Iris,Eard,iearddi@privacy.gov.au
488,Angela,Deathridge,adeathridgedj@yolasite.com
489,Monroe,Cornforth,mcornforthdk@wufoo.com
490,Artus,Sergeant,asergeantdl@drupal.org
491,Laraine,Kidds,lkiddsdm@taobao.com
492,Norby,Boddis,nboddisdn@technorati.com
493,Siouxie,Rowthorn,srowthorndo@buzzfeed.com
494,Granger,Fairbridge,gfairbridgedp@so-net.ne.jp
495,Angele,Severwright,aseverwrightdq@auda.org.au
496,Bentlee,Keat,bkeatdr@chron.com
497,Hammad,Baggarley,hbaggarleyds@homestead.com
498,Anna,Loidl,aloidldt@wikia.com
499,Woodman,Butteris,wbutterisdu@pbs.org
500,Timothy,Fosher,tfosherdv@aol.com
501,Carolan,Foulstone,cfoulstonedw@chron.com
502,Lissy,Matteoli,lmatteolidx@tmall.com
503,Cora,Birtonshaw,cbirtonshawdy@google.cn
504,Rockwell,Rogerot,rrogerotdz@list-manage.com
505,Kessia,Gambie,kgambiee0@taobao.com
506,Leanora,Cassedy,lcassedye1@tripod.com
507,Mariel,Pryor,mpryore2@huffingtonpost.com
508,Petra,Conduit,pconduite3@dell.com
509,Larisa,Jiracek,ljiraceke4@alexa.com
510,Caleb,Chafer,cchafere5@prweb.com
511,Levy,Thomtson,lthomtsone6@hc360.com
512,Nerti,Jaquin,njaquine7@tuttocitta.it
513,Elle,Gerriessen,egerriessene8@opensource.org
514,Nikaniki,Beedell,nbeedelle9@rediff.com
515,Clarie,Matous,cmatousea@admin.ch
516,Townsend,Stroyan,tstroyaneb@amazon.co.uk
517,Kurt,Brambill,kbrambillec@smh.com.au
518,Katerine,Lurriman,klurrimaned@plala.or.jp
519,Averil,Grishukhin,agrishukhinee@thetimes.co.uk
520,Rene,Zanre,rzanreef@deliciousdays.com
521,Ailsun,Sjollema,asjollemaeg@si.edu
522,Charmane,Alger,calgereh@sina.com.cn
523,Lina,Probin,lprobinei@xinhuanet.com
524,Dorise,Grills,dgrillsej@hubpages.com
525,Muffin,Riggulsford,mriggulsfordek@qq.com
526,Mel,Keers,mkeersel@php.net
527,Ardra,Gowland,agowlandem@pagesperso-orange.fr
528,Russ,Cowins,rcowinsen@fda.gov
529,Malorie,Burrage,mburrageeo@shop-pro.jp
530,Judye,Curror,jcurrorep@barnesandnoble.com
531,Jeane,Shackleton,jshackletoneq@gravatar.com
532,Ashli,Hansana,ahansanaer@edublogs.org
533,Florinda,De Freyne,fdefreynees@usda.gov
534,Kathleen,Beining,kbeininget@flavors.me
535,Lyndy,Grayshon,lgrayshoneu@indiatimes.com
536,Agneta,Yurenin,ayureninev@deliciousdays.com
537,Winifred,Pauletto,wpaulettoew@webnode.com
538,Domeniga,Dominik,ddominikex@pinterest.com
539,Bili,Reckhouse,breckhouseey@bbc.co.uk
540,Maureene,Rudsdale,mrudsdaleez@nih.gov
541,Zsa zsa,Balmann,zbalmannf0@creativecommons.org
542,Odessa,Relton,oreltonf1@yale.edu
543,Flint,Gartell,fgartellf2@soup.io
544,Jan,MacColl,jmaccollf3@canalblog.com
545,Dana,Inskipp,dinskippf4@google.com.hk
546,Matteo,Abatelli,mabatellif5@slashdot.org
547,Casandra,Huygens,chuygensf6@mozilla.com
548,Julia,Bellocht,jbellochtf7@columbia.edu
549,Hugh,Martensen,hmartensenf8@mtv.com
550,Mickey,Truss,mtrussf9@theguardian.com
551,Hope,Basler,hbaslerfa@theatlantic.com
552,Roseanne,Romanet,rromanetfb@discuz.net
553,Gae,Gething,ggethingfc@mozilla.org
554,Nils,Harkins,nharkinsfd@woothemes.com
555,Llywellyn,Foxon,lfoxonfe@tinypic.com
556,Gayle,Copplestone,gcopplestoneff@gov.uk
557,Will,Verlinde,wverlindefg@issuu.com
558,Bertine,Sloy,bsloyfh@macromedia.com
559,Wood,Atthowe,watthowefi@columbia.edu
560,Millicent,Hedylstone,mhedylstonefj@jigsy.com
561,Ethelyn,Fulks,efulksfk@hc360.com
562,Sonnie,Glason,sglasonfl@patch.com
563,Elwira,Mawson,emawsonfm@chicagotribune.com
564,Avery,McGillivrie,amcgillivriefn@ow.ly
565,Laureen,McSweeney,lmcsweeneyfo@vinaora.com
566,Bord,Jaques,bjaquesfp@lulu.com
567,Nefen,MacVanamy,nmacvanamyfq@earthlink.net
568,Raynell,Rippon,rripponfr@so-net.ne.jp
569,Sianna,Tran,stranfs@bbc.co.uk
570,Aime,McAlester,amcalesterft@nyu.edu
571,Bili,Buttrey,bbuttreyfu@java.com
572,Jourdan,Killingbeck,jkillingbeckfv@qq.com
573,Eddie,Ormston,eormstonfw@state.gov
574,Kenn,Itzchaky,kitzchakyfx@indiegogo.com
575,Crissie,Bartot,cbartotfy@fema.gov
576,Birch,Waterhouse,bwaterhousefz@apache.org
577,Saree,Betteriss,sbetterissg0@google.fr
578,Aurelea,Twizell,atwizellg1@privacy.gov.au
579,Scot,Millsap,smillsapg2@zdnet.com
580,Helen,O'Gorman,hogormang3@java.com
581,Nelly,Ellinor,nellinorg4@skype.com
582,Morrie,Clac,mclacg5@cafepress.com
583,Sheffield,Smeal,ssmealg6@ehow.com
584,Bertha,Fairchild,bfairchildg7@businessinsider.com
585,Paloma,Vannuccini,pvannuccinig8@bbc.co.uk
586,Sidonia,Phethean,sphetheang9@wordpress.org
587,Hyacinth,Gonzalez,hgonzalezga@springer.com
588,Tobe,Slipper,tslippergb@netscape.com
589,Corena,Pardon,cpardongc@parallels.com
590,Jess,Matityahu,jmatityahugd@dagondesign.com
591,Casi,Lovatt,clovattge@home.pl
592,Catina,Swaby,cswabygf@techcrunch.com
593,Evangeline,Tollerton,etollertongg@multiply.com
594,Shelly,Coates,scoatesgh@google.it
595,Ben,Higginbottam,bhigginbottamgi@ibm.com
596,Dorita,Leahy,dleahygj@go.com
597,Kakalina,Davids,kdavidsgk@netscape.com
598,Maurise,Tabbitt,mtabbittgl@npr.org
599,Amy,Blain,ablaingm@google.ru
600,Petr,Springle,pspringlegn@discovery.com
601,Odessa,Chieze,ochiezego@over-blog.com
602,Marcela,Fealty,mfealtygp@forbes.com
603,Tessie,Ravelus,travelusgq@gravatar.com
604,Charles,Newis,cnewisgr@360.cn
605,Wolfie,Barents,wbarentsgs@hatena.ne.jp
606,Andris,Urwin,aurwingt@nytimes.com
607,Holly,Nestle,hnestlegu@hhs.gov
608,Leandra,Teal,ltealgv@jugem.jp
609,Waylen,Moan,wmoangw@desdev.cn
610,Chrystal,Faragan,cfaragangx@soup.io
611,Kristina,Lewinton,klewintongy@deviantart.com
612,Sallie,Kelshaw,skelshawgz@si.edu
613,Fidela,Stamper,fstamperh0@umich.edu
614,Allistir,Mila,amilah1@cpanel.net
615,Enoch,Paige,epaigeh2@go.com
616,Pierre,Geffe,pgeffeh3@hc360.com
617,Elberta,O'Caine,eocaineh4@nhs.uk
618,Ranice,Raftery,rrafteryh5@newsvine.com
619,Reginauld,Kitchingman,rkitchingmanh6@bravesites.com
620,Ibbie,Carn,icarnh7@google.com
621,Matthaeus,Lounds,mloundsh8@naver.com
622,Lauritz,Gouly,lgoulyh9@europa.eu
623,Theda,Flowith,tflowithha@i2i.jp
624,Richmond,Sinnocke,rsinnockehb@prnewswire.com
625,Susannah,Suthworth,ssuthworthhc@army.mil
626,Caressa,Gritsaev,cgritsaevhd@cam.ac.uk
627,Augustus,Yarnton,ayarntonhe@cisco.com
628,Hilda,Innott,hinnotthf@chicagotribune.com
629,Kayla,Coop,kcoophg@chron.com
630,Gallagher,Wands,gwandshh@cdc.gov
631,Arney,Peto,apetohi@infoseek.co.jp
632,Franzen,Moorman,fmoormanhj@berkeley.edu
633,Kenna,Pagon,kpagonhk@sakura.ne.jp
634,Gib,Peschmann,gpeschmannhl@mail.ru
635,Mikel,Mossdale,mmossdalehm@biglobe.ne.jp
636,Edward,Finkle,efinklehn@nhs.uk
637,Constantina,Skippon,cskipponho@usatoday.com
638,Cindi,Eadmeads,ceadmeadshp@reference.com
639,Meryl,Gilberthorpe,mgilberthorpehq@reference.com
640,Burtie,Hobbing,bhobbinghr@ucoz.ru
641,Tye,Varden,tvardenhs@virginia.edu
642,Kale,Bysouth,kbysouthht@simplemachines.org
643,Flori,Dockrill,fdockrillhu@ucoz.ru
644,Zorina,Sigart,zsigarthv@discuz.net
645,Vidovic,Dubber,vdubberhw@deviantart.com
646,Devinne,Mandry,dmandryhx@meetup.com
647,Niall,Somerbell,nsomerbellhy@123-reg.co.uk
648,Jarret,McCreadie,jmccreadiehz@google.cn
649,Caesar,Vittery,cvitteryi0@odnoklassniki.ru
650,Ernest,Kornyshev,ekornyshevi1@rediff.com
651,Nicolea,Carnaman,ncarnamani2@census.gov
652,Orly,Scamel,oscameli3@digg.com
653,Germain,Plomer,gplomeri4@china.com.cn
654,Dominica,McGinley,dmcginleyi5@reddit.com
655,Sonnie,Greaves,sgreavesi6@geocities.com
656,Kirsti,Dobbinson,kdobbinsoni7@aboutads.info
657,Doy,Duny,ddunyi8@google.com.hk
658,Jilli,Peres,jperesi9@multiply.com
659,Betteann,Von Hindenburg,bvonhindenburgia@people.com.cn
660,Kerwinn,Shower,kshowerib@seesaa.net
661,Calvin,Girk,cgirkic@eepurl.com
662,Dedra,Haselwood,dhaselwoodid@shinystat.com
663,Rem,Tight,rtightie@thetimes.co.uk
664,Noby,Francescuccio,nfrancescuccioif@samsung.com
665,Betti,Caser,bcaserig@mlb.com
666,Jerry,Henriet,jhenrietih@ox.ac.uk
667,Lurette,Sprigging,lspriggingii@chron.com
668,Veronike,Garza,vgarzaij@bravesites.com
669,Sheppard,Bloomer,sbloomerik@infoseek.co.jp
670,Rene,Dashper,rdashperil@patch.com
671,Wilfred,Meadowcroft,wmeadowcroftim@miibeian.gov.cn
672,Lilias,Gorman,lgormanin@goodreads.com
673,Cayla,Wakeley,cwakeleyio@addtoany.com
674,Diane-marie,Toomer,dtoomerip@ycombinator.com
675,Cris,Demageard,cdemageardiq@creativecommons.org
676,Kaleena,Leynton,kleyntonir@hexun.com
677,Tonie,Jeyes,tjeyesis@narod.ru
678,Marion,Abrashkov,mabrashkovit@irs.gov
679,Emilio,Wyard,ewyardiu@nyu.edu
680,Sosanna,Dulake,sdulakeiv@networksolutions.com
681,Ula,Hammerberger,uhammerbergeriw@youku.com
682,Carlo,Schwieso,cschwiesoix@exblog.jp
683,Aurilia,Teenan,ateenaniy@wikimedia.org
684,Cassy,Bockmann,cbockmanniz@typepad.com
685,Rodger,Birbeck,rbirbeckj0@sohu.com
686,Bianca,Barus,bbarusj1@lycos.com
687,Gisela,Rymour,grymourj2@omniture.com
688,Decca,Coveny,dcovenyj3@domainmarket.com
689,Johanna,Bennallck,jbennallckj4@ustream.tv
690,Vicky,Tokley,vtokleyj5@rambler.ru
691,Marilin,Westover,mwestoverj6@economist.com
692,Neddy,Josskoviz,njosskovizj7@timesonline.co.uk
693,Guenna,Kinze,gkinzej8@360.cn
694,Vitoria,Waldie,vwaldiej9@hao123.com
695,Lida,Jarrel,ljarrelja@umich.edu
696,Maddy,Yesenin,myeseninjb@shutterfly.com
697,Talya,Simanek,tsimanekjc@trellian.com
698,Benedict,Scading,bscadingjd@java.com
699,Way,Aldritt,waldrittje@sina.com.cn
700,Ivory,Gifkins,igifkinsjf@abc.net.au
701,Goldia,Pinnick,gpinnickjg@hugedomains.com
702,Granthem,Constance,gconstancejh@cpanel.net
703,Skipper,Curthoys,scurthoysji@angelfire.com
704,Barnett,Kibbey,bkibbeyjj@squarespace.com
705,Meara,Warratt,mwarrattjk@devhub.com
706,Janey,La Vigne,jlavignejl@theglobeandmail.com
707,Rafferty,Wanderschek,rwanderschekjm@soup.io
708,Beryle,Hoppner,bhoppnerjn@plala.or.jp
709,Ethelyn,Dawidowitsch,edawidowitschjo@blogger.com
710,Edouard,O'Cannon,eocannonjp@over-blog.com
711,Winifred,Dainton,wdaintonjq@privacy.gov.au
712,Godfree,Kinnock,gkinnockjr@state.gov
713,Lucilia,Mounsey,lmounseyjs@yolasite.com
714,Ewart,Bagot,ebagotjt@bloglines.com
715,Evangelia,Ilyenko,eilyenkoju@latimes.com
716,Albert,Gorgler,agorglerjv@meetup.com
717,Karlens,Dowdell,kdowdelljw@ox.ac.uk
718,Cathryn,Hallybone,challybonejx@mashable.com
719,Shelbi,Mackie,smackiejy@sphinn.com
720,Nerti,Hynson,nhynsonjz@amazon.co.jp
721,Babita,Lavrinov,blavrinovk0@businessweek.com
722,Patrica,Gibbe,pgibbek1@creativecommons.org
723,Verge,Wilcocks,vwilcocksk2@sbwire.com
724,Ronnie,Fessler,rfesslerk3@domainmarket.com
725,Dayna,Spurdens,dspurdensk4@phoca.cz
726,Gayelord,Turmell,gturmellk5@nationalgeographic.com
727,Madalena,Martelet,mmarteletk6@cdc.gov
728,Victoria,Laing,vlaingk7@flickr.com
729,Brinna,Ginity,bginityk8@rediff.com
730,Debbie,Halliday,dhallidayk9@cmu.edu
731,Geoffry,Godbolt,ggodboltka@youtu.be
732,Janeta,Colliard,jcolliardkb@scientificamerican.com
733,Garrott,Pammenter,gpammenterkc@mozilla.com
734,Lynn,Levane,llevanekd@skyrock.com
735,Brynna,Bourhill,bbourhillke@thetimes.co.uk
736,Mart,Galfour,mgalfourkf@cdbaby.com
737,Hayyim,Hemshall,hhemshallkg@hc360.com
738,Josie,Vallentin,jvallentinkh@rambler.ru
739,Shaylyn,Mariolle,smariolleki@latimes.com
740,Kellina,Collen,kcollenkj@parallels.com
741,Reade,McGloughlin,rmcgloughlinkk@psu.edu
742,Juieta,Libri,jlibrikl@taobao.com
743,Danny,McPhelimy,dmcphelimykm@ocn.ne.jp
744,Ad,Di Biagi,adibiagikn@japanpost.jp
745,Vinny,Brabham,vbrabhamko@qq.com
746,Grazia,Imison,gimisonkp@w3.org
747,Dew,Yonge,dyongekq@addthis.com
748,Abdul,Adamik,aadamikkr@nih.gov
749,Clayborne,McSkeagan,cmcskeaganks@hao123.com
750,Lynn,Fowells,lfowellskt@mtv.com
751,Neal,Carpe,ncarpeku@meetup.com
752,Dukey,O'Rudden,doruddenkv@europa.eu
753,Gallagher,Scrannage,gscrannagekw@sogou.com
754,Sallyanne,Atthowe,satthowekx@de.vu
755,Horatius,Such,hsuchky@imageshack.us
756,Kermie,McNiven,kmcnivenkz@sciencedaily.com
757,Bibbie,Jopp,bjoppl0@merriam-webster.com
758,Tymothy,Arnopp,tarnoppl1@examiner.com
759,Pauly,Yea,pyeal2@lycos.com
760,Inness,Newcomen,inewcomenl3@vistaprint.com
761,Lazare,Rolston,lrolstonl4@diigo.com
762,Itch,Wiersma,iwiersmal5@sciencedaily.com
763,Klara,Gage,kgagel6@eepurl.com
764,Dud,Huikerby,dhuikerbyl7@berkeley.edu
765,Donna,Prall,dpralll8@issuu.com
766,Layla,Mewrcik,lmewrcikl9@bbc.co.uk
767,Demetre,Fick,dfickla@fema.gov
768,Georgetta,Noddles,gnoddleslb@abc.net.au
769,Leodora,Haryngton,lharyngtonlc@whitehouse.gov
770,Catharina,Prangley,cprangleyld@amazon.co.jp
771,Danny,McBratney,dmcbratneyle@surveymonkey.com
772,Lindon,Groneway,lgronewaylf@nydailynews.com
773,Francene,Trevithick,ftrevithicklg@toplist.cz
774,Lilia,Claringbold,lclaringboldlh@hubpages.com
775,Demetria,Buncombe,dbuncombeli@ocn.ne.jp
776,Alva,Chattell,achattelllj@desdev.cn
777,Robbyn,Hapgood,rhapgoodlk@earthlink.net
778,Shellie,Karmel,skarmelll@spotify.com
779,Malachi,Sones,msoneslm@reference.com
780,Monte,Beekmann,mbeekmannln@nih.gov
781,Nat,Hamp,nhamplo@tripod.com
782,Duff,Windram,dwindramlp@aol.com
783,Archaimbaud,Leggan,alegganlq@friendfeed.com
784,Milissent,Brigginshaw,mbrigginshawlr@wikimedia.org
785,Jacky,Mapes,jmapesls@hubpages.com
786,Talya,O'Hannay,tohannaylt@bluehost.com
787,Ivette,Piell,ipielllu@foxnews.com
788,Milli,Linsley,mlinsleylv@ft.com
789,Byron,Norcross,bnorcrosslw@webmd.com
790,Berny,Statersfield,bstatersfieldlx@ed.gov
791,Stace,Alasdair,salasdairly@virginia.edu
792,Blinni,Farlane,bfarlanelz@apple.com
793,Mariann,Stoggell,mstoggellm0@theglobeandmail.com
794,Kerwin,Dunbobin,kdunbobinm1@nyu.edu
795,Emmit,Toma,etomam2@desdev.cn
796,Cornela,Gansbuhler,cgansbuhlerm3@europa.eu
797,Lara,McCheyne,lmccheynem4@eepurl.com
798,Thaddeus,Cannan,tcannanm5@chronoengine.com
799,Cody,Maciocia,cmaciociam6@symantec.com
800,Buck,Lethley,blethleym7@cyberchimps.com
801,Ramonda,Dunbobbin,rdunbobbinm8@omniture.com
802,Kakalina,Cramer,kcramerm9@icq.com
803,Aaren,Blemen,ablemenma@tinypic.com
804,Ogdan,Gianni,ogiannimb@myspace.com
805,Gardener,Briiginshaw,gbriiginshawmc@technorati.com
806,Marika,Carbery,mcarberymd@nba.com
807,Lindy,Nicklen,lnicklenme@moonfruit.com
808,Denni,Petrishchev,dpetrishchevmf@geocities.jp
809,Benjie,Tabor,btabormg@blogger.com
810,Trstram,Frere,tfreremh@infoseek.co.jp
811,Mada,Filippucci,mfilippuccimi@amazon.com
812,Onfre,Watmough,owatmoughmj@reuters.com
813,Wilmette,McIlrath,wmcilrathmk@gravatar.com
814,Micah,Coryndon,mcoryndonml@oakley.com
815,Hedi,Meighan,hmeighanmm@cbslocal.com
816,Ina,Brewins,ibrewinsmn@sun.com
817,Frederique,Ondrusek,fondrusekmo@house.gov
818,Carmon,Cazalet,ccazaletmp@amazon.com
819,Lea,Bettley,lbettleymq@hexun.com
820,Lizzy,Asmus,lasmusmr@prlog.org
821,Lorenza,Hymus,lhymusms@blogs.com
822,Thane,Delatour,tdelatourmt@cnn.com
823,Rutledge,Beadman,rbeadmanmu@slate.com
824,Edan,Penhale,epenhalemv@merriam-webster.com
825,Mickie,Belderfield,mbelderfieldmw@accuweather.com
826,Normy,Picopp,npicoppmx@zdnet.com
827,Doralia,Blamphin,dblamphinmy@state.gov
828,Jere,Haquin,jhaquinmz@youtube.com
829,Micky,Binks,mbinksn0@blog.com
830,Rees,Wheatland,rwheatlandn1@shop-pro.jp
831,Pearline,Organer,porganern2@geocities.jp
832,Monika,Pavyer,mpavyern3@addtoany.com
833,Zolly,Verralls,zverrallsn4@flavors.me
834,Cecilia,Mucklestone,cmucklestonen5@digg.com
835,Humberto,Syddon,hsyddonn6@constantcontact.com
836,Harrie,Pfertner,hpfertnern7@usnews.com
837,Izaak,Hext,ihextn8@themeforest.net
838,Casey,Sunner,csunnern9@oaic.gov.au
839,Krissie,Culmer,kculmerna@dyndns.org
840,Jacintha,Goulder,jgouldernb@netvibes.com
841,Ninette,Brazur,nbrazurnc@e-recht24.de
842,Shirlene,Talks,stalksnd@yolasite.com
843,Toby,Gingles,tginglesne@squarespace.com
844,Glennis,Chicken,gchickennf@wikispaces.com
845,Oates,Grenshiels,ogrenshielsng@hatena.ne.jp
846,Ailis,Barfitt,abarfittnh@latimes.com
847,Isaiah,Schoolfield,ischoolfieldni@nps.gov
848,Guinna,Utton,guttonnj@drupal.org
849,Cristin,Tremblot,ctremblotnk@usgs.gov
850,Josselyn,Francescone,jfrancesconenl@army.mil
851,Freddie,Mothersdale,fmothersdalenm@senate.gov
852,Laetitia,Meadway,lmeadwaynn@reuters.com
853,Gwenette,Maddicks,gmaddicksno@example.com
854,Yvon,Denkin,ydenkinnp@tumblr.com
855,Hughie,Girardi,hgirardinq@paginegialle.it
856,Doris,Woodley,dwoodleynr@people.com.cn
857,Venus,Hargate,vhargatens@imageshack.us
858,Neala,Timbrell,ntimbrellnt@independent.co.uk
859,Peadar,Beckerleg,pbeckerlegnu@walmart.com
860,Taddeusz,Bowring,tbowringnv@boston.com
861,Larina,Mallender,lmallendernw@bloglines.com
862,Anissa,Grunnell,agrunnellnx@yelp.com
863,Marsh,Dudbridge,mdudbridgeny@engadget.com
864,Dionne,Joesbury,djoesburynz@twitter.com
865,Annaliese,Tayspell,atayspello0@indiegogo.com
866,Minni,Scheu,mscheuo1@wix.com
867,Emmye,Jeeves,ejeeveso2@phpbb.com
868,Edouard,Sigert,esigerto3@addthis.com
869,Sissie,Eagger,seaggero4@elpais.com
870,Isidoro,Herreros,iherreroso5@jugem.jp
871,Garreth,Maber,gmabero6@prweb.com
872,Alie,Ginger,agingero7@chronoengine.com
873,Tarah,Bruneton,tbrunetono8@cpanel.net
874,Thorny,Bentjens,tbentjenso9@vk.com
875,Rad,Impey,rimpeyoa@creativecommons.org
876,Charissa,Hassen,chassenob@marketwatch.com
877,Arel,Ruberti,arubertioc@booking.com
878,Shelly,Inker,sinkerod@issuu.com
879,Abby,Shand,ashandoe@yale.edu
880,Yoshiko,Schneidar,yschneidarof@over-blog.com
881,Carrie,Colicot,ccolicotog@google.it
882,Trish,Scott,tscottoh@fc2.com
883,Brit,Nystrom,bnystromoi@webs.com
884,Sutherlan,Zanettini,szanettinioj@sciencedirect.com
885,Waylon,Goody,wgoodyok@state.gov
886,Sherman,Fish,sfishol@mtv.com
887,Genevra,Brager,gbragerom@senate.gov
888,Marlon,Poundesford,mpoundesfordon@uol.com.br
889,Milton,Quoit,mquoitoo@plala.or.jp
890,Udale,Sandercock,usandercockop@house.gov
891,Tobye,Martell,tmartelloq@twitter.com
892,Terrijo,Klaffs,tklaffsor@360.cn
893,Marybeth,Easterfield,measterfieldos@chron.com
894,Addi,Humes,ahumesot@ehow.com
895,Dagny,Willcock,dwillcockou@answers.com
896,Preston,Hamshar,phamsharov@fastcompany.com
897,Sigismundo,Mahedy,smahedyow@nyu.edu
898,Phip,Sowray,psowrayox@weather.com
899,Prissie,Dickenson,pdickensonoy@dion.ne.jp
900,Ulrike,Kurten,ukurtenoz@bloomberg.com
901,Gottfried,Nannetti,gnannettip0@infoseek.co.jp
902,Keefe,Juris,kjurisp1@slideshare.net
903,Jonas,Ryburn,jryburnp2@seesaa.net
904,Julian,Tyas,jtyasp3@samsung.com
905,Standford,Killigrew,skilligrewp4@msu.edu
906,Earlie,Elstow,eelstowp5@livejournal.com
907,Andonis,Darter,adarterp6@diigo.com
908,Hadley,Tayt,htaytp7@ucsd.edu
909,Devonne,Mulleary,dmullearyp8@cbslocal.com
910,Dehlia,Di Matteo,ddimatteop9@goo.ne.jp
911,Godwin,Maghull,gmaghullpa@t.co
912,Garrek,Frontczak,gfrontczakpb@weather.com
913,Verla,Cabrer,vcabrerpc@zimbio.com
914,Heinrik,Petrie,hpetriepd@wisc.edu
915,Daile,Welfair,dwelfairpe@miitbeian.gov.cn
916,Geneva,Falkner,gfalknerpf@phoca.cz
917,Yulma,Kmiec,ykmiecpg@gravatar.com
918,Les,Brede,lbredeph@eventbrite.com
919,Sigmund,Jewitt,sjewittpi@twitpic.com
920,Anissa,Allsobrook,aallsobrookpj@craigslist.org
921,Jacky,Quodling,jquodlingpk@wikispaces.com
922,Abbot,Mullaly,amullalypl@qq.com
923,Bart,Lowdiane,blowdianepm@intel.com
924,Rhodia,Pardie,rpardiepn@nba.com
925,Beaufort,Turnor,bturnorpo@theglobeandmail.com
926,Shaylah,Shernock,sshernockpp@hud.gov
927,Jase,Riba,jribapq@hibu.com
928,Torrance,Domnick,tdomnickpr@blogspot.com
929,Noelyn,Weed,nweedps@hhs.gov
930,Leif,Lohmeyer,llohmeyerpt@bing.com
931,Raeann,Cowlam,rcowlampu@yandex.ru
932,Vinny,Fores,vforespv@businesswire.com
933,Agretha,Toghill,atoghillpw@ebay.com
934,Thatch,Jepps,tjeppspx@gizmodo.com
935,Brandais,Dwight,bdwightpy@yandex.ru
936,Sara,McAllaster,smcallasterpz@cmu.edu
937,Gillie,Brack,gbrackq0@i2i.jp
938,Angie,Dowling,adowlingq1@ed.gov
939,Wendeline,Herity,wherityq2@sfgate.com
940,Jo-ann,Hullock,jhullockq3@hc360.com
941,See,Hrinchenko,shrinchenkoq4@epa.gov
942,Karel,Dewes,kdewesq5@google.de
943,Larisa,Evetts,levettsq6@altervista.org
944,Ynez,Fardo,yfardoq7@constantcontact.com
945,Kathryne,Ccomini,kccominiq8@about.me
946,Pet,Schneidar,pschneidarq9@miitbeian.gov.cn
947,Kinnie,Uff,kuffqa@nymag.com
948,Danette,Bradie,dbradieqb@printfriendly.com
949,Hilly,Dimberline,hdimberlineqc@angelfire.com
950,Denise,Spink,dspinkqd@reuters.com
951,Allyn,Ruselin,aruselinqe@omniture.com
952,Coralyn,Bagwell,cbagwellqf@go.com
953,Sharai,Stiff,sstiffqg@google.ru
954,Marlena,Culpin,mculpinqh@umich.edu
955,Elisabetta,D'Oyley,edoyleyqi@furl.net
956,Lyndsay,Loughman,lloughmanqj@theatlantic.com
957,Ingrid,Lindwasser,ilindwasserqk@tinyurl.com
958,Frank,Nower,fnowerql@shutterfly.com
959,Bel,Collimore,bcollimoreqm@myspace.com
960,Alysia,Durnford,adurnfordqn@wikia.com
961,Dacie,Silverton,dsilvertonqo@nydailynews.com
962,Almeria,Hanhart,ahanhartqp@artisteer.com
963,Nora,Starbuck,nstarbuckqq@huffingtonpost.com
964,Hannie,Warsap,hwarsapqr@amazon.co.uk
965,Mathian,Booth-Jarvis,mboothjarvisqs@blogger.com
966,Adria,Realph,arealphqt@elpais.com
967,Zebulen,Gontier,zgontierqu@nba.com
968,Lucita,Le Houx,llehouxqv@nationalgeographic.com
969,Loree,Warre,lwarreqw@admin.ch
970,Starlin,Primmer,sprimmerqx@sitemeter.com
971,Emery,Meuse,emeuseqy@ehow.com
972,Doria,Kendall,dkendallqz@nih.gov
973,Ari,Kubala,akubalar0@issuu.com
974,Margaretta,Hindrich,mhindrichr1@mapy.cz
975,Amberly,Donaway,adonawayr2@youtu.be
976,Arleta,Grishanin,agrishaninr3@house.gov
977,Ninette,Benka,nbenkar4@answers.com
978,Joni,Reicherz,jreicherzr5@mashable.com
979,Dynah,Bon,dbonr6@deliciousdays.com
980,Dorothea,Guinness,dguinnessr7@nytimes.com
981,Dorian,Scrowby,dscrowbyr8@google.de
982,Ernestus,Duiged,eduigedr9@chron.com
983,Ronni,Muggeridge,rmuggeridgera@sohu.com
984,Jenny,Amis,jamisrb@howstuffworks.com
985,Eolande,Cluelow,ecluelowrc@cpanel.net
986,Arlen,McIlharga,amcilhargard@scientificamerican.com
987,Nelie,Grandisson,ngrandissonre@answers.com
988,Sheridan,Latham,slathamrf@washington.edu
989,John,Belcher,jbelcherrg@theglobeandmail.com
990,Mordecai,Willoughey,mwillougheyrh@lulu.com
991,Nye,Cayford,ncayfordri@dropbox.com
992,Paton,Fforde,pfforderj@sohu.com
993,Chelsy,Pidgen,cpidgenrk@amazon.com
994,Aundrea,Letty,alettyrl@icio.us
995,Benjamin,Boniface,bbonifacerm@wunderground.com
996,Silvie,Ashworth,sashworthrn@cornell.edu
997,Jacynth,McCormack,jmccormackro@si.edu
998,Gabriele,Vallentin,gvallentinrp@joomla.org
999,Daveta,Rabson,drabsonrq@arstechnica.com
1000,Iain,Winfindale,iwinfindalerr@fda.gov
