id,first_name,last_name,email
1,Perla,Goggan,pgoggan0@umich.edu
2,Ambrosius,Piwall,apiwall1@flickr.com
3,Frederique,Lincey,flincey2@wordpress.com
4,Lukas,Vaen,lvaen3@squidoo.com
5,Roi,Andrzejak,randrzejak4@jiathis.com
6,Casey,Dunsford,cdunsford5@wisc.edu
7,Mylo,Bole,mbole6@surveymonkey.com
8,Dedra,Mulkerrins,dmulkerrins7@mediafire.com
9,Yardley,Brosoli,ybrosoli8@sakura.ne.jp
10,Maurizio,Gillbee,mgillbee9@google.pl
11,Adan,Winspur,awinspura@networkadvertising.org
12,Luciana,Kermon,lkermonb@artisteer.com
13,Truman,Bigrigg,tbigriggc@indiatimes.com
14,Salvatore,Gaunt,sgauntd@nationalgeographic.com
15,Wainwright,Maskill,wmaskille@blogspot.com
16,Alisa,Pre,apref@newsvine.com
17,Denney,Gaither,dgaitherg@bbb.org
18,Reynold,Plail,rplailh@zdnet.com
19,Madison,Shillitoe,mshillitoei@360.cn
20,Keane,Routhorn,krouthornj@theatlantic.com
21,Celeste,Mundie,cmundiek@diigo.com
22,Harlie,Blint,hblintl@mtv.com
23,Tore,Louisot,tlouisotm@ezinearticles.com
24,Cathee,Lassey,classeyn@google.co.uk
25,Kelbee,Jerisch,kjerischo@fda.gov
26,Gillie,Foad,gfoadp@hc360.com
27,Georgina,Ferandez,gferandezq@theglobeandmail.com
28,Hynda,Phipp,hphippr@abc.net.au
29,Erroll,Cassedy,ecassedys@google.fr
30,Dacy,Blonfield,dblonfieldt@deliciousdays.com
31,Rica,Wharf,rwharfu@independent.co.uk
32,Vanny,Dillicate,vdillicatev@tinyurl.com
33,Eugen,Murrish,emurrishw@foxnews.com
34,Ines,Wix,iwixx@ucsd.edu
35,Royce,Bianco,rbiancoy@goo.gl
36,Noellyn,Simonich,nsimonichz@ehow.com
37,Hayley,O' Timony,hotimony10@ebay.com
38,Kandy,Joubert,kjoubert11@sun.com
39,Stanford,Challener,schallener12@sohu.com
40,Burtie,MacGorrie,bmacgorrie13@java.com
41,Sheelagh,Conn,sconn14@artisteer.com
42,Brade,Gravenell,bgravenell15@ftc.gov
43,Cass,Tombleson,ctombleson16@jiathis.com
44,Ingaberg,Cathrall,icathrall17@qq.com
45,Valentine,Petheridge,vpetheridge18@about.com
46,Cynthie,Duffie,cduffie19@wikia.com
47,Holt,MacArdle,hmacardle1a@behance.net
48,Rochella,Cisar,rcisar1b@harvard.edu
49,Inez,Vassman,ivassman1c@economist.com
50,Albina,Gunney,agunney1d@ocn.ne.jp
51,Axel,Torrance,atorrance1e@lulu.com
52,Emmalyn,de Vaen,edevaen1f@tmall.com
53,Ardene,Minger,aminger1g@dot.gov
54,Leshia,Seville,lseville1h@cocolog-nifty.com
55,Carlita,Orniz,corniz1i@google.com.hk
56,Theresa,Behr,tbehr1j@deviantart.com
57,Elbertine,Fosten,efosten1k@economist.com
58,Birgit,Hourston,bhourston1l@lulu.com
59,Loella,Smithend,lsmithend1m@symantec.com
60,Charmaine,Piercey,cpiercey1n@usda.gov
61,Bendite,Morilla,bmorilla1o@fda.gov
62,Sauveur,Novello,snovello1p@cnet.com
63,Armin,Donnett,adonnett1q@123-reg.co.uk
64,Noellyn,Walburn,nwalburn1r@go.com
65,Nikolos,Bannerman,nbannerman1s@studiopress.com
66,Garv,De Leek,gdeleek1t@mozilla.com
67,Ester,Dobkin,edobkin1u@ehow.com
68,Vinny,Lowman,vlowman1v@last.fm
69,Dorotea,Ascroft,dascroft1w@weebly.com
70,Franciska,McKeand,fmckeand1x@comcast.net
71,Christopher,Bissett,cbissett1y@prnewswire.com
72,Sella,Enevold,senevold1z@house.gov
73,Lionello,Dunlop,ldunlop20@i2i.jp
74,Laverne,Potkin,lpotkin21@google.com.au
75,Tanner,Mattisson,tmattisson22@alexa.com
76,Prissie,Conrad,pconrad23@eventbrite.com
77,Bethena,Levane,blevane24@unc.edu
78,Barbara-anne,Claige,bclaige25@ow.ly
79,Cyril,Adney,cadney26@netlog.com
80,Culley,Penrith,cpenrith27@storify.com
81,Immanuel,Gibard,igibard28@edublogs.org
82,Robinson,Curtiss,rcurtiss29@com.com
83,Rich,Vanyashin,rvanyashin2a@creativecommons.org
84,Cordy,Mashal,cmashal2b@patch.com
85,Ulrich,Hierro,uhierro2c@livejournal.com
86,Ingrid,Francecione,ifrancecione2d@hud.gov
87,Louisa,New,lnew2e@businessweek.com
88,Amara,Choat,achoat2f@nsw.gov.au
89,Bryana,Caress,bcaress2g@gmpg.org
90,Lucie,Jayme,ljayme2h@ow.ly
91,Israel,Volkers,ivolkers2i@mapquest.com
92,Blair,Stave,bstave2j@businessinsider.com
93,Zena,Gurery,zgurery2k@wsj.com
94,Amye,Basler,abasler2l@irs.gov
95,Kean,Danilovic,kdanilovic2m@aol.com
96,Conrado,Cockerell,ccockerell2n@mit.edu
97,Patrice,Cancellario,pcancellario2o@cdc.gov
98,Rip,Sleightholme,rsleightholme2p@liveinternet.ru
99,Rollin,Buckam,rbuckam2q@360.cn
100,Shannan,Cheers,scheers2r@4shared.com
101,Saudra,Bloomer,sbloomer2s@wikispaces.com
102,Alfy,Rippon,arippon2t@github.com
103,Adan,Kleinsinger,akleinsinger2u@adobe.com
104,Joshia,Johncey,jjohncey2v@tamu.edu
105,Ondrea,Cupitt,ocupitt2w@ask.com
106,Jade,Wolledge,jwolledge2x@networksolutions.com
107,Erie,Withey,ewithey2y@ox.ac.uk
108,Lory,Rampling,lrampling2z@answers.com
109,Robinetta,Sandeson,rsandeson30@mapquest.com
110,Kassia,Draysay,kdraysay31@economist.com
111,Tamma,Bakes,tbakes32@parallels.com
112,Belia,Clooney,bclooney33@abc.net.au
113,Erl,Pancoust,epancoust34@eventbrite.com
114,Micheline,Gallant,mgallant35@domainmarket.com
115,Gardiner,Upfold,gupfold36@goodreads.com
116,Desiri,Affron,daffron37@blogspot.com
117,Evelin,Jellman,ejellman38@indiegogo.com
118,Kissiah,Poveleye,kpoveleye39@google.it
119,Karisa,Roscamp,kroscamp3a@bbb.org
120,Karalynn,Springate,kspringate3b@illinois.edu
121,Allan,Medendorp,amedendorp3c@homestead.com
122,Timotheus,Worviell,tworviell3d@cisco.com
123,Janna,Haryngton,jharyngton3e@nbcnews.com
124,Obadias,Santora,osantora3f@economist.com
125,Padgett,Caddan,pcaddan3g@chronoengine.com
126,Aretha,Shorie,ashorie3h@godaddy.com
127,Merlina,Lulham,mlulham3i@cbc.ca
128,Leland,Lamdin,llamdin3j@infoseek.co.jp
129,Hubey,Bareford,hbareford3k@unesco.org
130,Aloysia,Pasmore,apasmore3l@merriam-webster.com
131,Reed,Mickelwright,rmickelwright3m@istockphoto.com
132,Selle,Stratley,sstratley3n@wisc.edu
133,Dorthy,Mussett,dmussett3o@census.gov
134,Frederica,Karczinski,fkarczinski3p@scribd.com
135,Erin,Clayden,eclayden3q@stanford.edu
136,Linus,Trude,ltrude3r@vistaprint.com
137,Cristionna,Ebi,cebi3s@zdnet.com
138,Lenna,Cancellario,lcancellario3t@gravatar.com
139,Rory,Croal,rcroal3u@slashdot.org
140,Bancroft,Gammon,bgammon3v@hubpages.com
141,Devinne,Castagneto,dcastagneto3w@com.com
142,Beatrix,Figgen,bfiggen3x@seattletimes.com
143,Celene,Bausmann,cbausmann3y@va.gov
144,Alissa,Coll,acoll3z@independent.co.uk
145,Bo,Bonnick,bbonnick40@smh.com.au
146,Norrie,Baber,nbaber41@amazon.co.jp
147,Carr,Sell,csell42@360.cn
148,Janos,Blais,jblais43@simplemachines.org
149,Kalina,Quoit,kquoit44@merriam-webster.com
150,Weylin,Dinsell,wdinsell45@lycos.com
151,Annice,Franca,afranca46@google.nl
152,Lenee,Lyptrade,llyptrade47@slashdot.org
153,Ty,Cadalleder,tcadalleder48@360.cn
154,Tucker,McCurrie,tmccurrie49@about.com
155,Adriaens,Sarginson,asarginson4a@about.me
156,Bron,Mattingly,bmattingly4b@hhs.gov
157,Ruby,Quig,rquig4c@biblegateway.com
158,Seymour,Sefton,ssefton4d@weibo.com
159,Tine,Terrazzo,tterrazzo4e@state.gov
160,Alphonso,Acosta,aacosta4f@yolasite.com
161,Juieta,Maund,jmaund4g@google.nl
162,Anestassia,Bayldon,abayldon4h@bbb.org
163,Mavra,Gooday,mgooday4i@java.com
164,Case,Dethloff,cdethloff4j@histats.com
165,Silva,Gretham,sgretham4k@gizmodo.com
166,Mariska,McLemon,mmclemon4l@macromedia.com
167,Carmina,Glassborow,cglassborow4m@dion.ne.jp
168,Dulcie,Slite,dslite4n@state.gov
169,Betteanne,Wahlberg,bwahlberg4o@bizjournals.com
170,Kippie,Loveredge,kloveredge4p@github.com
171,Lewes,Atmore,latmore4q@howstuffworks.com
172,Barthel,Barca,bbarca4r@yandex.ru
173,William,Bugg,wbugg4s@comcast.net
174,Karalynn,Yarnley,kyarnley4t@ameblo.jp
175,Zabrina,Bernardotte,zbernardotte4u@storify.com
176,Carlota,Flooks,cflooks4v@blogs.com
177,Genni,McGraffin,gmcgraffin4w@walmart.com
178,Aldin,Roskruge,aroskruge4x@hc360.com
179,Caroljean,Dancer,cdancer4y@nydailynews.com
180,Carlyn,Dach,cdach4z@apache.org
181,Jacinta,Heustace,jheustace50@kickstarter.com
182,Bobina,Gewer,bgewer51@about.com
183,Averil,Blaver,ablaver52@geocities.com
184,Ashlan,Balharry,abalharry53@icio.us
185,Gallagher,Goodhall,ggoodhall54@rambler.ru
186,Andeee,Willmett,awillmett55@meetup.com
187,Catherina,Godfree,cgodfree56@spiegel.de
188,Fredi,Matzeitis,fmatzeitis57@skyrock.com
189,Jerrie,Commin,jcommin58@hatena.ne.jp
190,Leta,Seaborne,lseaborne59@cisco.com
191,Mitzi,Gilchrist,mgilchrist5a@amazon.co.uk
192,Dell,Joskowitz,djoskowitz5b@youku.com
193,Jacki,Morison,jmorison5c@feedburner.com
194,Micheil,Pickless,mpickless5d@privacy.gov.au
195,Samaria,Popple,spopple5e@tumblr.com
196,Tana,de Najera,tdenajera5f@netvibes.com
197,Clemmie,Timson,ctimson5g@chronoengine.com
198,Jodie,Durdy,jdurdy5h@w3.org
199,Sandy,O'Sharry,sosharry5i@yelp.com
200,Emelyne,Soigne,esoigne5j@stanford.edu
201,Silvana,Okenden,sokenden5k@apple.com
202,Marty,Leveritt,mleveritt5l@nasa.gov
203,Sasha,Triswell,striswell5m@discuz.net
204,Hew,Pargetter,hpargetter5n@twitpic.com
205,Victor,Newland,vnewland5o@cyberchimps.com
206,Byram,Foltin,bfoltin5p@bravesites.com
207,Raffarty,Minton,rminton5q@sohu.com
208,Steffie,Bloor,sbloor5r@tuttocitta.it
209,Lona,McIlwrath,lmcilwrath5s@usnews.com
210,Nerti,Howton,nhowton5t@patch.com
211,Lenka,Gurr,lgurr5u@cdc.gov
212,Joshuah,Ragless,jragless5v@sakura.ne.jp
213,Holly,Boggon,hboggon5w@jalbum.net
214,Adelina,Worsnip,aworsnip5x@archive.org
215,Constanta,Aldersley,caldersley5y@mozilla.org
216,Rozanne,Rattray,rrattray5z@house.gov
217,Netta,Harner,nharner60@t.co
218,Corbie,Di Giorgio,cdigiorgio61@ibm.com
219,Othilie,Sivyer,osivyer62@deliciousdays.com
220,Dick,Kermit,dkermit63@networkadvertising.org
221,Barr,Lehrmann,blehrmann64@surveymonkey.com
222,Aluino,Rapson,arapson65@sitemeter.com
223,Robinson,Adamoli,radamoli66@diigo.com
224,Miran,de Amaya,mdeamaya67@ibm.com
225,Sari,Emmens,semmens68@mayoclinic.com
226,Faunie,Minchella,fminchella69@cargocollective.com
227,Haleigh,Fink,hfink6a@europa.eu
228,Bram,Brotherton,bbrotherton6b@wunderground.com
229,Drew,Wagnerin,dwagnerin6c@utexas.edu
230,Moyna,Lepoidevin,mlepoidevin6d@deviantart.com
231,Nate,De Freitas,ndefreitas6e@buzzfeed.com
232,Jada,Binnion,jbinnion6f@flickr.com
233,Alyce,Larne,alarne6g@ox.ac.uk
234,Eileen,Pinchin,epinchin6h@oaic.gov.au
235,Antoni,MacCurtain,amaccurtain6i@nymag.com
236,Caspar,Bragge,cbragge6j@dell.com
237,Khalil,Sibylla,ksibylla6k@bloomberg.com
238,Thia,Grishankov,tgrishankov6l@squarespace.com
239,Perceval,Reside,preside6m@ebay.com
240,Giulio,Clifft,gclifft6n@japanpost.jp
241,Tomaso,Farries,tfarries6o@w3.org
242,Heriberto,Pinney,hpinney6p@newyorker.com
243,Mireielle,Gealy,mgealy6q@sitemeter.com
244,Carin,Drabble,cdrabble6r@scribd.com
245,Gladys,Clayden,gclayden6s@google.ru
246,Cull,Blackshaw,cblackshaw6t@tinypic.com
247,Tracie,Walcher,twalcher6u@china.com.cn
248,Brig,Rubinivitz,brubinivitz6v@comsenz.com
249,Catlaina,Titcumb,ctitcumb6w@amazon.de
250,Gerardo,Faughnan,gfaughnan6x@about.com
251,Raoul,Kupke,rkupke6y@zdnet.com
252,Constancia,Benkin,cbenkin6z@networkadvertising.org
253,Gwenette,Amberger,gamberger70@java.com
254,Maryellen,Gaize,mgaize71@smugmug.com
255,Amargo,Eyckelbeck,aeyckelbeck72@multiply.com
256,Bendicty,McAlinden,bmcalinden73@patch.com
257,Erinna,Hanmer,ehanmer74@wired.com
258,Ulrikaumeko,Maingot,umaingot75@acquirethisname.com
259,Nerta,Bewlay,nbewlay76@odnoklassniki.ru
260,Abbot,Fossord,afossord77@discuz.net
261,Pat,MacFarlane,pmacfarlane78@bloglovin.com
262,Constantia,Morter,cmorter79@blogspot.com
263,Austine,Kleszinski,akleszinski7a@wsj.com
