id,first_name,last_name,email
1,Corny,Rawstorn,crawstorn0@skyrock.com
2,Lena,Loram,lloram1@hostgator.com
3,Hedvig,Clitherow,hclitherow2@chronoengine.com
4,Borg,Lowensohn,blowensohn3@mail.ru
5,Harley,Wardle,hwardle4@cornell.edu
6,Averyl,MacKay,amackay5@miibeian.gov.cn
7,Melisent,Risborough,mrisborough6@wordpress.org
8,Farrand,Mounsey,fmounsey7@e-recht24.de
9,Gayle,Dainton,gdainton8@freewebs.com
10,Krispin,Pantone,kpantone9@narod.ru
11,Minette,Pentecust,mpentecusta@wordpress.org
12,Tessa,Labbe,tlabbeb@goo.gl
13,Evvy,O'Cannovane,eocannovanec@google.com.au
14,Munmro,Zanicchi,mzanicchid@ifeng.com
15,Anna-diane,Axby,aaxbye@cornell.edu
16,Silas,Blayd,sblaydf@comsenz.com
17,Berty,O'Dunniom,bodunniomg@canalblog.com
18,Adriano,Tunsley,atunsleyh@newyorker.com
19,Jarad,Hyde,jhydei@nationalgeographic.com
20,Cassandre,Etherington,cetheringtonj@microsoft.com
21,Donal,McFfaden,dmcffadenk@nature.com
22,Tildie,Levick,tlevickl@goo.ne.jp
23,Tull,Pocklington,tpocklingtonm@dagondesign.com
24,Morley,Minchenton,mminchentonn@multiply.com
25,Malinde,Ashe,masheo@jimdo.com
26,Bryanty,Seaking,bseakingp@netvibes.com
27,Laverna,Newcomb,lnewcombq@samsung.com
28,Lazar,Paoloni,lpaolonir@photobucket.com
29,Spike,Adin,sadins@discovery.com
30,Kali,Ostick,kostickt@go.com
31,Genevieve,Birch,gbirchu@ucsd.edu
32,Keslie,Geraldez,kgeraldezv@howstuffworks.com
33,Noby,Minter,nminterw@usgs.gov
34,Hamil,Carnoghan,hcarnoghanx@over-blog.com
35,Kirbie,Dowden,kdowdeny@chronoengine.com
36,Nicki,Otter,notterz@psu.edu
37,Murdock,Shulver,mshulver10@purevolume.com
38,Giles,Giblin,ggiblin11@cargocollective.com
39,Marne,Treleaven,mtreleaven12@wp.com
40,Fidelia,Saffe,fsaffe13@senate.gov
41,Britt,Scoates,bscoates14@baidu.com
42,Barri,Osborne,bosborne15@omniture.com
43,Stacie,Eisenberg,seisenberg16@yale.edu
44,Augusto,Opdenorth,aopdenorth17@bbb.org
45,Nye,Matthaus,nmatthaus18@archive.org
46,Evania,Zukerman,ezukerman19@rambler.ru
47,Noni,Hallford,nhallford1a@indiegogo.com
48,Lyndy,Christofor,lchristofor1b@networksolutions.com
49,Josi,De Cruze,jdecruze1c@symantec.com
50,Norina,Gateshill,ngateshill1d@goodreads.com
51,Kippie,Binning,kbinning1e@noaa.gov
52,Modestine,Dandy,mdandy1f@answers.com
53,Christy,Segeswoeth,csegeswoeth1g@theglobeandmail.com
54,Weber,Paolucci,wpaolucci1h@vkontakte.ru
55,Terrye,Wragge,twragge1i@wired.com
56,Sergent,MacMenamin,smacmenamin1j@altervista.org
57,Mireielle,Kneath,mkneath1k@t.co
58,Shelden,Gillise,sgillise1l@columbia.edu
59,Gun,Gripton,ggripton1m@bigcartel.com
60,Bobbette,Yankeev,byankeev1n@yellowbook.com
61,Jeniece,Ecles,jecles1o@biglobe.ne.jp
62,Joella,Woolstenholmes,jwoolstenholmes1p@plala.or.jp
63,Omar,Camplen,ocamplen1q@house.gov
64,Gaultiero,Dibner,gdibner1r@forbes.com
65,Melina,Lyles,mlyles1s@walmart.com
66,Remy,Betham,rbetham1t@nydailynews.com
67,Vladamir,Ennor,vennor1u@domainmarket.com
68,Laure,Worswick,lworswick1v@devhub.com
69,Giff,Eton,geton1w@canalblog.com
70,Barbaraanne,Arkin,barkin1x@examiner.com
71,Gavin,Charge,gcharge1y@yahoo.co.jp
72,Alice,Leal,aleal1z@slate.com
73,Marijn,Lowde,mlowde20@irs.gov
74,Chad,Dymott,cdymott21@xinhuanet.com
75,Stanton,Veare,sveare22@ifeng.com
76,Agata,Gudeman,agudeman23@huffingtonpost.com
77,Teddy,Allaway,tallaway24@house.gov
78,Jeanelle,Spawton,jspawton25@vk.com
79,Elwira,Marsie,emarsie26@wiley.com
80,Carmen,Inkster,cinkster27@biblegateway.com
81,Radcliffe,Ingrey,ringrey28@blog.com
82,Nerty,Braiden,nbraiden29@blog.com
83,Laney,Dalbey,ldalbey2a@deviantart.com
84,Neille,Thody,nthody2b@csmonitor.com
85,Auguste,L' Anglois,alanglois2c@dyndns.org
86,Joline,Quirk,jquirk2d@indiatimes.com
87,Ambrosius,Leeds,aleeds2e@japanpost.jp
88,Jobey,Ludovici,jludovici2f@buzzfeed.com
89,Weston,Belcham,wbelcham2g@timesonline.co.uk
90,Cinnamon,De Malchar,cdemalchar2h@imgur.com
91,Darcy,Neubigin,dneubigin2i@amazonaws.com
92,Mallory,Mowsdell,mmowsdell2j@wikimedia.org
93,Hazel,Goulborne,hgoulborne2k@eepurl.com
94,Aeriell,Fante,afante2l@europa.eu
95,Davita,Brugemann,dbrugemann2m@vimeo.com
96,Bartholomeo,Blackstone,bblackstone2n@liveinternet.ru
97,Aimil,Colrein,acolrein2o@tiny.cc
98,Zena,Choldcroft,zcholdcroft2p@usda.gov
99,Abagael,Lowson,alowson2q@aboutads.info
100,Durand,Cowin,dcowin2r@usa.gov
101,Kalila,Sandom,ksandom2s@artisteer.com
102,Tabby,Nottle,tnottle2t@is.gd
103,Romeo,Lobb,rlobb2u@xinhuanet.com
104,Kristal,Grogor,kgrogor2v@ft.com
105,Margareta,Piddocke,mpiddocke2w@123-reg.co.uk
106,Marie-ann,Cagan,mcagan2x@google.co.uk
107,Rakel,McGrady,rmcgrady2y@jugem.jp
108,Mimi,Heaps,mheaps2z@sitemeter.com
109,Kelvin,Ingerfield,kingerfield30@bloglovin.com
110,Sidney,Cully,scully31@wsj.com
111,Devonna,Grix,dgrix32@admin.ch
112,Sheppard,Crang,scrang33@wikia.com
113,Henrie,Allabush,hallabush34@wufoo.com
114,Minna,MacLaig,mmaclaig35@irs.gov
115,Abie,Ruddock,aruddock36@free.fr
116,Kimmy,Hunn,khunn37@t-online.de
117,Cortie,Lopez,clopez38@ucoz.ru
118,Nicol,O'Flaherty,noflaherty39@npr.org
119,Kalvin,Salsbury,ksalsbury3a@google.fr
120,Barby,Ffoulkes,bffoulkes3b@freewebs.com
121,Feliza,Bairstow,fbairstow3c@bandcamp.com
122,Chere,Labone,clabone3d@bloomberg.com
123,Kelcy,Gregorowicz,kgregorowicz3e@blogger.com
124,Sherm,Gearty,sgearty3f@i2i.jp
125,Cosme,Shuard,cshuard3g@skype.com
126,Karyn,Dripp,kdripp3h@foxnews.com
127,Olivette,Daubney,odaubney3i@dedecms.com
128,Blake,Stockley,bstockley3j@bbb.org
129,Ricoriki,Deluce,rdeluce3k@archive.org
130,Sella,Howlett,showlett3l@dot.gov
131,Niels,Masdin,nmasdin3m@mtv.com
132,Free,Champain,fchampain3n@nature.com
133,Herby,Du Fray,hdufray3o@smh.com.au
134,Ellary,Tunnicliff,etunnicliff3p@plala.or.jp
135,Ardella,Errichelli,aerrichelli3q@dagondesign.com
136,Lefty,Samwaye,lsamwaye3r@illinois.edu
137,Edgardo,Cumberlidge,ecumberlidge3s@cdc.gov
138,Roley,Kirsch,rkirsch3t@example.com
139,Tobey,Burl,tburl3u@etsy.com
140,Evie,Scollan,escollan3v@cpanel.net
141,Jeth,Fagg,jfagg3w@ocn.ne.jp
142,Myrvyn,Lundberg,mlundberg3x@unc.edu
143,Jordan,Ramsden,jramsden3y@imageshack.us
144,Efrem,Trangmar,etrangmar3z@elpais.com
145,Sybilla,Crosoer,scrosoer40@artisteer.com
146,Orren,Jacobbe,ojacobbe41@miibeian.gov.cn
147,Barnett,Colbeck,bcolbeck42@china.com.cn
148,Geri,Richarson,gricharson43@hatena.ne.jp
149,Katerina,Gepheart,kgepheart44@vimeo.com
150,Leone,Banbrook,lbanbrook45@shutterfly.com
151,Derward,Tavernor,dtavernor46@xing.com
152,Kaleb,Mayling,kmayling47@latimes.com
153,Penny,Sprules,psprules48@webeden.co.uk
154,Binky,Jollie,bjollie49@xinhuanet.com
155,Sandy,Broxis,sbroxis4a@cpanel.net
156,Neil,Twitchett,ntwitchett4b@usnews.com
157,Madelaine,Calltone,mcalltone4c@icio.us
158,Justinn,Allbon,jallbon4d@oracle.com
159,Courtenay,Dallicott,cdallicott4e@vk.com
160,Ode,Marshland,omarshland4f@paypal.com
161,Joete,Ambrus,jambrus4g@privacy.gov.au
162,Shurwood,Jouaneton,sjouaneton4h@vinaora.com
163,Philippine,Thying,pthying4i@globo.com
164,Esta,O'Crevy,eocrevy4j@ox.ac.uk
165,Celeste,Shenfisch,cshenfisch4k@phpbb.com
166,Maxwell,Gummow,mgummow4l@i2i.jp
167,Michal,Vreede,mvreede4m@tmall.com
168,Effie,MacAndie,emacandie4n@huffingtonpost.com
169,Garrott,Licence,glicence4o@privacy.gov.au
170,Dan,Lowder,dlowder4p@hao123.com
171,Maurice,Truluck,mtruluck4q@amazon.com
172,Lalo,Ginie,lginie4r@gravatar.com
173,Raynor,Schruyer,rschruyer4s@howstuffworks.com
174,Lambert,enzley,lenzley4t@ucoz.ru
175,Bertrando,Defau,bdefau4u@google.nl
176,Eartha,Allgood,eallgood4v@wsj.com
177,Bevon,Pedrick,bpedrick4w@rediff.com
178,Kendal,Cripwell,kcripwell4x@people.com.cn
179,Oswald,Meenan,omeenan4y@last.fm
180,Tonye,Desmond,tdesmond4z@flickr.com
181,Chery,Bradneck,cbradneck50@java.com
182,Abagail,Frift,afrift51@newyorker.com
183,Prudy,Frude,pfrude52@shinystat.com
184,Temple,Rosenfield,trosenfield53@elpais.com
185,Katha,Riquet,kriquet54@barnesandnoble.com
186,Dniren,Salkild,dsalkild55@hostgator.com
187,Rockwell,Pawnsford,rpawnsford56@cargocollective.com
188,Adore,Scurlock,ascurlock57@1und1.de
189,Derick,Krysiak,dkrysiak58@wired.com
190,Meade,Wofenden,mwofenden59@reference.com
191,Hulda,Burleigh,hburleigh5a@arstechnica.com
192,Nappie,Bartolomieu,nbartolomieu5b@elpais.com
193,Babita,Maldin,bmaldin5c@pinterest.com
194,Jess,Crawford,jcrawford5d@china.com.cn
195,Nariko,Kassel,nkassel5e@csmonitor.com
196,Weidar,Bastick,wbastick5f@example.com
197,Vittoria,Tyre,vtyre5g@usgs.gov
198,Elnore,Bault,ebault5h@constantcontact.com
199,Toiboid,Wimlet,twimlet5i@google.co.jp
200,Harald,Larkin,hlarkin5j@scientificamerican.com
201,Moritz,Fettis,mfettis5k@deliciousdays.com
202,Ameline,Leal,aleal5l@addthis.com
203,Alla,Horrod,ahorrod5m@uiuc.edu
204,Selestina,Tiebe,stiebe5n@bandcamp.com
205,Boothe,Claris,bclaris5o@omniture.com
206,Silas,Andrez,sandrez5p@symantec.com
207,Rodrique,Taig,rtaig5q@1und1.de
208,Filide,Chorley,fchorley5r@clickbank.net
209,Aryn,Schoffel,aschoffel5s@zdnet.com
210,Thomas,Grigaut,tgrigaut5t@aboutads.info
211,Garrick,Skeldinge,gskeldinge5u@mysql.com
212,Meier,Dougherty,mdougherty5v@foxnews.com
213,Frederik,Zimek,fzimek5w@sohu.com
214,Druci,Skitt,dskitt5x@ow.ly
215,Arlette,Simmgen,asimmgen5y@google.com.br
216,Chickie,Warder,cwarder5z@sogou.com
217,Elisha,Buzine,ebuzine60@elpais.com
218,Malcolm,Briggdale,mbriggdale61@sciencedirect.com
219,Lisha,Peegrem,lpeegrem62@jigsy.com
220,Humbert,Firmin,hfirmin63@simplemachines.org
221,Jaimie,Turrell,jturrell64@nps.gov
222,Bel,Bolley,bbolley65@diigo.com
223,Trescha,Sollam,tsollam66@surveymonkey.com
224,Karla,Ollerhead,kollerhead67@cmu.edu
225,Haslett,Mollene,hmollene68@pagesperso-orange.fr
226,Clemens,Pyper,cpyper69@nps.gov
227,Rubia,Wilsey,rwilsey6a@cnbc.com
228,Vicky,Dickerson,vdickerson6b@geocities.jp
229,Laureen,Gorring,lgorring6c@jugem.jp
230,Lee,Hinz,lhinz6d@eventbrite.com
231,Myrtia,Jewel,mjewel6e@dailymotion.com
232,Fidelio,Brugden,fbrugden6f@prweb.com
233,Suzann,Hookes,shookes6g@123-reg.co.uk
234,Xenia,Gelly,xgelly6h@amazon.de
235,Abey,Quadrio,aquadrio6i@mozilla.com
236,Melisent,Gladdor,mgladdor6j@phpbb.com
237,Emalee,Mc Harg,emcharg6k@berkeley.edu
238,Zitella,Dimitrescu,zdimitrescu6l@usnews.com
239,Darby,Ship,dship6m@sakura.ne.jp
240,Annaliese,Kleeborn,akleeborn6n@printfriendly.com
241,Ignaz,Gleadle,igleadle6o@toplist.cz
242,Janifer,Phetteplace,jphetteplace6p@dagondesign.com
243,Kalindi,O' Brian,kobrian6q@accuweather.com
244,Lynea,Southcoat,lsouthcoat6r@google.com.hk
245,Olia,Everley,oeverley6s@instagram.com
246,Cornelia,Playford,cplayford6t@thetimes.co.uk
247,Junie,Cassam,jcassam6u@etsy.com
248,Brade,Cromar,bcromar6v@mit.edu
249,Franciskus,Elsegood,felsegood6w@nbcnews.com
250,Gregor,Castledine,gcastledine6x@washingtonpost.com
251,Dick,Rosling,drosling6y@baidu.com
252,Demetra,Oade,doade6z@alexa.com
253,Ahmad,Darker,adarker70@toplist.cz
254,August,Hackleton,ahackleton71@chron.com
255,Wilton,Briar,wbriar72@mac.com
256,Kristian,Jobke,kjobke73@timesonline.co.uk
257,Trey,Hazelden,thazelden74@myspace.com
258,Veda,Spensley,vspensley75@unesco.org
259,Marion,Gounot,mgounot76@flavors.me
260,Margalo,Marland,mmarland77@berkeley.edu
261,Freemon,Amber,famber78@comcast.net
262,Huntington,Tretwell,htretwell79@statcounter.com
263,Ugo,Meneux,umeneux7a@jiathis.com
264,Sully,Mattheissen,smattheissen7b@prlog.org
265,Linette,Fishley,lfishley7c@newyorker.com
266,Bathsheba,Mc Faul,bmcfaul7d@mediafire.com
267,Bridget,Boik,bboik7e@mac.com
268,Boyd,Downton,bdownton7f@wisc.edu
269,Fancie,Chrisp,fchrisp7g@canalblog.com
270,Max,Jellico,mjellico7h@cam.ac.uk
271,Parke,Worsall,pworsall7i@ustream.tv
272,Sashenka,Diggins,sdiggins7j@cnbc.com
273,Christian,Lodge,clodge7k@unblog.fr
274,Rachelle,Byfield,rbyfield7l@marriott.com
275,Anthea,Mizzi,amizzi7m@posterous.com
276,Wain,Benois,wbenois7n@photobucket.com
277,Emmy,Powe,epowe7o@engadget.com
278,Bili,Arno,barno7p@prweb.com
279,Axe,Bradford,abradford7q@reverbnation.com
280,Donalt,Neachell,dneachell7r@cnbc.com
281,Drona,Linwood,dlinwood7s@cornell.edu
282,Jodie,Dametti,jdametti7t@a8.net
283,Wernher,Blacker,wblacker7u@fotki.com
284,Anna-diane,Whipp,awhipp7v@istockphoto.com
285,Juieta,Over,jover7w@pen.io
286,Gavrielle,Stuckley,gstuckley7x@symantec.com
287,Rad,Guitel,rguitel7y@sourceforge.net
288,Illa,Irce,iirce7z@miibeian.gov.cn
289,Bili,Godlee,bgodlee80@elegantthemes.com
290,Baldwin,Gaskins,bgaskins81@usatoday.com
291,Noak,Binion,nbinion82@tiny.cc
292,Stanly,Carn,scarn83@sbwire.com
293,Gwennie,Pretsel,gpretsel84@wikipedia.org
294,Carmel,Itchingham,citchingham85@timesonline.co.uk
295,Teddy,Budnik,tbudnik86@washington.edu
296,Lilla,Rohlfs,lrohlfs87@hao123.com
297,Herculie,McKilroe,hmckilroe88@chicagotribune.com
298,Sherri,Roblou,sroblou89@comsenz.com
299,Timotheus,Minthorpe,tminthorpe8a@macromedia.com
300,Phyllida,Meiklam,pmeiklam8b@vinaora.com
301,Neilla,Cooksley,ncooksley8c@google.pl
302,Corrianne,Burnall,cburnall8d@macromedia.com
303,Gaby,Haughian,ghaughian8e@creativecommons.org
304,Lion,Leetham,lleetham8f@livejournal.com
305,Aarika,MacConchie,amacconchie8g@linkedin.com
306,Fredric,Rorke,frorke8h@rambler.ru
307,Deanne,Buchett,dbuchett8i@technorati.com
308,Tore,Berrisford,tberrisford8j@e-recht24.de
309,Freddi,Trundell,ftrundell8k@si.edu
310,Wendell,Farnon,wfarnon8l@hao123.com
311,Brenden,Biesty,bbiesty8m@com.com
312,Emmaline,Feldmark,efeldmark8n@gravatar.com
313,Ossie,Fife,ofife8o@google.com
314,Heloise,Goomes,hgoomes8p@ocn.ne.jp
315,Ancell,Krystek,akrystek8q@columbia.edu
316,Gaile,Enterlein,genterlein8r@huffingtonpost.com
317,Tobin,Whittenbury,twhittenbury8s@ask.com
318,Thane,McLernon,tmclernon8t@live.com
319,Bryanty,Bowery,bbowery8u@cnbc.com
320,Vitia,Sawforde,vsawforde8v@sphinn.com
321,Edmund,Cardenoza,ecardenoza8w@mysql.com
322,Slade,Bingell,sbingell8x@so-net.ne.jp
323,Borden,Peepall,bpeepall8y@pen.io
324,Fidel,Itzkowicz,fitzkowicz8z@diigo.com
325,Engelbert,Freire,efreire90@shop-pro.jp
326,Lorelle,Dike,ldike91@theglobeandmail.com
327,Wendy,Burdikin,wburdikin92@studiopress.com
328,Rudolfo,Trevear,rtrevear93@chicagotribune.com
329,Jens,Stemp,jstemp94@cpanel.net
330,Hank,Sabbatier,hsabbatier95@usgs.gov
331,Beryle,Krolman,bkrolman96@google.fr
332,Vassili,Spada,vspada97@ft.com
333,Reggi,Shard,rshard98@homestead.com
334,Phedra,Schrir,pschrir99@quantcast.com
335,Myrtia,Mainwaring,mmainwaring9a@stanford.edu
336,Garrot,Kearley,gkearley9b@va.gov
337,Tabitha,Monte,tmonte9c@pagesperso-orange.fr
338,June,Everex,jeverex9d@nydailynews.com
339,Halimeda,Diggar,hdiggar9e@lycos.com
340,Britney,Craddock,bcraddock9f@geocities.jp
341,Boone,Shinton,bshinton9g@archive.org
342,Rodger,Secombe,rsecombe9h@xing.com
343,Michaella,Devenish,mdevenish9i@oaic.gov.au
344,Kingsly,Gonnelly,kgonnelly9j@hud.gov
345,Penny,Jorger,pjorger9k@t-online.de
346,Filippa,Aizikowitz,faizikowitz9l@reuters.com
347,Jewelle,Listone,jlistone9m@typepad.com
348,Elston,Troke,etroke9n@netscape.com
349,Derwin,Silvermann,dsilvermann9o@wsj.com
350,Skylar,Neeves,sneeves9p@weebly.com
351,Dane,Izaks,dizaks9q@etsy.com
352,Vina,Defew,vdefew9r@alexa.com
353,Stefanie,Sneesby,ssneesby9s@simplemachines.org
354,Clem,Ivanaev,civanaev9t@comsenz.com
355,Arni,Fontaine,afontaine9u@multiply.com
356,Kerri,Clue,kclue9v@plala.or.jp
357,Clerc,Spellward,cspellward9w@shop-pro.jp
358,Sybille,Commin,scommin9x@goo.gl
359,Elle,Suffe,esuffe9y@ustream.tv
360,Alicea,Heynen,aheynen9z@purevolume.com
361,Jeanette,Abrahamson,jabrahamsona0@miibeian.gov.cn
362,Chryste,Marishenko,cmarishenkoa1@nasa.gov
363,Charlena,Stuttard,cstuttarda2@trellian.com
364,Cristi,Whilde,cwhildea3@xrea.com
365,Francklyn,Maharey,fmahareya4@buzzfeed.com
366,Clyve,Bertram,cbertrama5@skype.com
367,Guenevere,Faucett,gfaucetta6@examiner.com
368,Nike,Pahl,npahla7@printfriendly.com
369,Cathrin,Petruskevich,cpetruskevicha8@etsy.com
370,Leland,Hebbron,lhebbrona9@yandex.ru
371,Lorita,Gennings,lgenningsaa@pinterest.com
372,Bonny,Birkenshaw,bbirkenshawab@comsenz.com
373,Cacilie,Fowlston,cfowlstonac@dmoz.org
374,Hetty,Glassman,hglassmanad@blogspot.com
375,Reider,Martinson,rmartinsonae@unc.edu
376,Heriberto,Etter,hetteraf@noaa.gov
377,Nita,Scamerdine,nscamerdineag@ameblo.jp
378,Gery,Bargh,gbarghah@ning.com
379,Anni,Powlett,apowlettai@cbslocal.com
380,Rene,Kynastone,rkynastoneaj@bbc.co.uk
381,Sande,Lissenden,slissendenak@patch.com
382,Hyacintha,Ashmore,hashmoreal@webnode.com
383,Francine,Forber,fforberam@bbb.org
384,Max,Arnopp,marnoppan@google.it
385,Eydie,Thornborrow,ethornborrowao@csmonitor.com
386,Westley,Denerley,wdenerleyap@google.com.hk
387,Nollie,Landes,nlandesaq@vistaprint.com
388,Ernaline,Bartoletti,ebartolettiar@ucla.edu
389,Tab,Drinan,tdrinanas@hud.gov
390,Buiron,Smyley,bsmyleyat@ucoz.ru
391,Rebeca,Fishpool,rfishpoolau@ocn.ne.jp
392,Lorenza,Castleton,lcastletonav@com.com
393,Chiarra,Shapcote,cshapcoteaw@theatlantic.com
394,Verena,Aron,varonax@cdc.gov
395,Alphonse,Chismon,achismonay@dailymail.co.uk
396,Bianka,Breen,bbreenaz@dailymotion.com
397,Kandace,Sidnell,ksidnellb0@psu.edu
398,Zahara,Senchenko,zsenchenkob1@booking.com
399,Burke,Shallcross,bshallcrossb2@cocolog-nifty.com
400,Tomasine,Blaycock,tblaycockb3@opera.com
401,Kevon,Dreye,kdreyeb4@ca.gov
402,Merle,Henzley,mhenzleyb5@naver.com
403,Bernita,Shoreman,bshoremanb6@ed.gov
404,Fergus,Tomaini,ftomainib7@lulu.com
405,Gris,O'Crigane,gocriganeb8@toplist.cz
406,Myca,Ewers,mewersb9@mashable.com
407,Westleigh,Confait,wconfaitba@cnn.com
408,Rory,McAlister,rmcalisterbb@apache.org
409,Susie,Rubenovic,srubenovicbc@tinypic.com
410,Clarette,Izac,cizacbd@myspace.com
411,Lidia,Kleehuhler,lkleehuhlerbe@goodreads.com
412,Mack,Thorrington,mthorringtonbf@reverbnation.com
413,Packston,Hanby,phanbybg@xing.com
414,Arley,Cestard,acestardbh@networkadvertising.org
415,Tucky,Cabrera,tcabrerabi@arizona.edu
416,Suzie,Bottomley,sbottomleybj@sciencedaily.com
417,Sydelle,Vigours,svigoursbk@nps.gov
418,Hilario,Baskerfield,hbaskerfieldbl@cnbc.com
419,Zonda,Gold,zgoldbm@cpanel.net
420,Liliane,O' Cuolahan,locuolahanbn@eepurl.com
421,Rose,Wolpert,rwolpertbo@chicagotribune.com
422,Donnie,Stolle,dstollebp@yandex.ru
423,Eirena,Allbones,eallbonesbq@soundcloud.com
424,Celestyn,Pidduck,cpidduckbr@tuttocitta.it
425,Gibby,Burtonwood,gburtonwoodbs@washington.edu
426,Mellisa,Finby,mfinbybt@cloudflare.com
427,Gilly,Cockman,gcockmanbu@furl.net
428,Way,Shoebridge,wshoebridgebv@mapy.cz
429,Cosetta,Mattiuzzi,cmattiuzzibw@amazon.de
430,Chrisy,Yearron,cyearronbx@miibeian.gov.cn
431,Natka,Kunath,nkunathby@ftc.gov
432,Corbett,Sooley,csooleybz@soup.io
433,Remy,Grishinov,rgrishinovc0@princeton.edu
434,Pooh,Butterfield,pbutterfieldc1@github.com
435,Aura,Menilove,amenilovec2@disqus.com
436,Lauree,Burgisi,lburgisic3@oakley.com
437,Haven,Gillyatt,hgillyattc4@home.pl
438,Sam,Farriar,sfarriarc5@macromedia.com
439,Kassey,Bampford,kbampfordc6@berkeley.edu
440,Marena,Bugden,mbugdenc7@biblegateway.com
441,Amos,Hartles,ahartlesc8@independent.co.uk
442,Clevie,Pearse,cpearsec9@deliciousdays.com
443,Aubrie,MacKnockiter,amacknockiterca@wiley.com
444,Sheila,Dominichetti,sdominichetticb@addthis.com
445,Vachel,Dumberrill,vdumberrillcc@51.la
446,Zed,York,zyorkcd@comcast.net
447,Dorie,Norval,dnorvalce@cpanel.net
448,Barrie,Vasilyevski,bvasilyevskicf@stumbleupon.com
449,Ranee,Purveys,rpurveyscg@exblog.jp
450,Schuyler,Terren,sterrench@ask.com
451,Raynor,Thoumas,rthoumasci@macromedia.com
452,Jakie,Busch,jbuschcj@aol.com
453,Glory,Goldsby,ggoldsbyck@wordpress.org
454,Bartolemo,Fone,bfonecl@simplemachines.org
455,Bernie,MacClenan,bmacclenancm@simplemachines.org
456,Kipp,Jakeway,kjakewaycn@huffingtonpost.com
457,Sidoney,Shepperd,sshepperdco@cdbaby.com
458,Zebulen,Tatershall,ztatershallcp@sourceforge.net
459,Farrand,Briffett,fbriffettcq@deliciousdays.com
460,Raffarty,Mattiussi,rmattiussicr@simplemachines.org
461,Hally,Astridge,hastridgecs@shareasale.com
462,Tiffani,Gamlen,tgamlenct@artisteer.com
463,Cross,Clerk,cclerkcu@latimes.com
464,Desmond,Fanshaw,dfanshawcv@rambler.ru
465,Will,Flade,wfladecw@t-online.de
466,Ivar,Thibodeaux,ithibodeauxcx@nytimes.com
467,Donielle,Royds,droydscy@statcounter.com
468,Beauregard,Rebanks,brebankscz@typepad.com
469,Amandi,Bartosek,abartosekd0@so-net.ne.jp
470,Hart,Zanassi,hzanassid1@tmall.com
471,Margot,Farguhar,mfarguhard2@yellowbook.com
472,Bone,Rumbellow,brumbellowd3@hud.gov
473,Ives,Moran,imorand4@networkadvertising.org
474,Matty,Ranald,mranaldd5@people.com.cn
475,Jarvis,Solon,jsolond6@independent.co.uk
476,Georgine,Seabon,gseabond7@businessweek.com
477,Osgood,McGuggy,omcguggyd8@wikispaces.com
478,Marlane,Roughey,mrougheyd9@marketwatch.com
479,Leonard,O' Cloney,locloneyda@ox.ac.uk
480,Ingrid,Karolyi,ikarolyidb@washingtonpost.com
481,Kial,Bloy,kbloydc@hexun.com
482,Von,Brawson,vbrawsondd@mapquest.com
483,Tallie,Cianni,tciannide@umich.edu
484,Justis,Elderfield,jelderfielddf@facebook.com
485,Hillary,Humes,hhumesdg@vinaora.com
486,Christi,Truce,ctrucedh@state.tx.us
487,Rozanne,Conningham,rconninghamdi@domainmarket.com
488,Rasla,Chritchlow,rchritchlowdj@state.gov
489,Darrel,Kenwright,dkenwrightdk@last.fm
490,Nickey,Madgwich,nmadgwichdl@addthis.com
491,Geralda,Forrestill,gforrestilldm@unc.edu
492,Holly,Moggan,hmoggandn@free.fr
493,Lennard,Mathen,lmathendo@tiny.cc
494,Drusi,MacCahee,dmaccaheedp@constantcontact.com
495,Dominique,Yakutin,dyakutindq@intel.com
496,Eugenia,Olcot,eolcotdr@digg.com
497,Merla,Liversley,mliversleyds@tumblr.com
498,Elana,Milazzo,emilazzodt@qq.com
499,Nani,Fattori,nfattoridu@google.com
500,Ernst,Chamberlain,echamberlaindv@utexas.edu
