Bonniface,Mathilde,mbonniface0@elpais.com,Kansas
Gricks,Veronike,vgricks1@narod.ru,Massachusetts
Ceccoli,Catie,cceccoli2@clickbank.net,Texas
Jennaway,Arlin,ajennaway3@friendfeed.com,New Jersey
Skey,Bondy,bskey4@apple.com,Kentucky
Charrier,Vita,vcharrier5@europa.eu,Minnesota
Duffit,Catarina,cduffit6@usnews.com,Ohio
Bellee,Courtnay,cbellee7@nps.gov,Missouri
Gussin,Harris,hgussin8@tumblr.com,West Virginia
MacRannell,Clayborne,cmacrannell9@last.fm,Florida
Heaysman,Isabella,iheaysmana@parallels.com,Texas
Lowrance,Alaric,alowranceb@sfgate.com,Texas
Tadlow,Brade,btadlowc@archive.org,West Virginia
Butterly,Margo,mbutterlyd@reference.com,California
Hulatt,Laure,lhulatte@parallels.com,Michigan
Saywell,Conrado,csaywellf@youtu.be,New York
Kingsford,Katharyn,kkingsfordg@cargocollective.com,Tennessee
Hickin,Nicol,nhickinh@mlb.com,Alaska
Dows,Melody,mdowsi@yandex.ru,Louisiana
Shermar,Traver,tshermarj@wsj.com,District of Columbia
Baraja,Pansy,pbarajak@apache.org,Massachusetts
Corselles,Stanislaus,scorsellesl@nba.com,Alabama
Toone,Jarvis,jtoonem@sina.com.cn,Florida
Beevers,Midge,mbeeversn@amazon.co.jp,Florida
Harrowsmith,Petra,pharrowsmitho@xing.com,Texas
Molines,Ulick,umolinesp@phpbb.com,West Virginia
McCrea,Alon,amccreaq@hubpages.com,Minnesota
Challes,Arman,achallesr@dmoz.org,New York
Mincher,Bethanne,bminchers@edublogs.org,Illinois
Ortmann,Maryann,mortmannt@wp.com,Florida
Spurdle,Emelyne,espurdleu@stanford.edu,Michigan
Verdey,Loretta,lverdeyv@nymag.com,Arizona
Skrine,Lancelot,lskrinew@zdnet.com,California
Vagges,Salli,svaggesx@boston.com,Nebraska
Luxen,Seumas,sluxeny@sphinn.com,Texas
Kleinholz,Nicoline,nkleinholzz@tiny.cc,New York
Grigoire,Denys,dgrigoire10@usnews.com,Ohio
Smallpiece,Russell,rsmallpiece11@w3.org,Texas
Jiroutka,Judith,jjiroutka12@g.co,Tennessee
Lorenz,Janaye,jlorenz13@ovh.net,Illinois
Tinton,Erek,etinton14@google.ca,Virginia
Goulbourne,Else,egoulbourne15@goo.gl,Alabama
Bescoby,Lamond,lbescoby16@columbia.edu,Massachusetts
Messham,Orsola,omessham17@360.cn,Colorado
Poundesford,Merilyn,mpoundesford18@businesswire.com,Florida
Kinze,Lucine,lkinze19@hostgator.com,Illinois
Beaves,Margaretha,mbeaves1a@wordpress.org,Kentucky
Beament,Letisha,lbeament1b@dot.gov,Texas
Harcourt,Nikola,nharcourt1c@xing.com,Pennsylvania
Katt,Rabi,rkatt1d@guardian.co.uk,California
Russo,Phillie,prusso1e@issuu.com,Alaska
Rumsby,Vivie,vrumsby1f@google.pl,Arizona
Simpkiss,Elston,esimpkiss1g@engadget.com,Oklahoma
Wayman,Cross,cwayman1h@kickstarter.com,Florida
Brimfield,Herculie,hbrimfield1i@printfriendly.com,California
Doig,Anselma,adoig1j@free.fr,District of Columbia
Richfield,Hannis,hrichfield1k@irs.gov,Missouri
Hutchings,Sascha,shutchings1l@prlog.org,Michigan
Dalziell,Crissy,cdalziell1m@microsoft.com,Texas
Colvine,Ferris,fcolvine1n@unblog.fr,California
Burthom,Bernard,bburthom1o@who.int,Hawaii
Ruddle,Doria,druddle1p@bigcartel.com,California
Opdenort,Janette,jopdenort1q@sogou.com,Georgia
Whittlesee,Johan,jwhittlesee1r@who.int,Arizona
Dosdill,Alvera,adosdill1s@marketwatch.com,Virginia
Swadling,Gray,gswadling1t@ovh.net,Maryland
Nuttall,Eleanore,enuttall1u@joomla.org,Missouri
Capper,Cordula,ccapper1v@uiuc.edu,North Carolina
Lindholm,Paco,plindholm1w@alibaba.com,Texas
Adlard,Georg,gadlard1x@qq.com,Connecticut
Tite,Maurice,mtite1y@opensource.org,Iowa
Screach,Shir,sscreach1z@ovh.net,New York
MacSkeagan,Hank,hmacskeagan20@smh.com.au,Tennessee
Miles,Caitlin,cmiles21@engadget.com,Texas
Gurnay,Debor,dgurnay22@amazon.com,Indiana
Obert,Danie,dobert23@dailymotion.com,Kentucky
Vesque,Anny,avesque24@mapquest.com,Louisiana
Comiam,Etti,ecomiam25@wikispaces.com,Texas
Stangoe,Gorden,gstangoe26@netvibes.com,Nevada
Hendrich,Nikos,nhendrich27@nhs.uk,New York
Richley,Blisse,brichley28@mlb.com,New York
Annesley,Halie,hannesley29@behance.net,Iowa
Silverton,Darell,dsilverton2a@studiopress.com,California
Headland,Vlad,vheadland2b@lulu.com,Louisiana
Wille,Bill,bwille2c@mtv.com,Minnesota
Tuckwell,Chloette,ctuckwell2d@dedecms.com,Florida
Lording,Carlo,clording2e@scribd.com,Iowa
Glennie,Lorilyn,lglennie2f@imageshack.us,North Dakota
Torbeck,Wash,wtorbeck2g@merriam-webster.com,Florida
McLeoid,Caye,cmcleoid2h@chronoengine.com,Tennessee
Northcott,Paul,pnorthcott2i@is.gd,Arizona
Marvell,Luke,lmarvell2j@mail.ru,New Jersey
Peascod,Davidde,dpeascod2k@mozilla.com,Georgia
Bradforth,Devinne,dbradforth2l@redcross.org,Connecticut
Texton,Myca,mtexton2m@nbcnews.com,California
Edbrooke,Robbi,redbrooke2n@webnode.com,Texas
Donaghie,Torey,tdonaghie2o@cargocollective.com,Florida
Wolledge,Ricky,rwolledge2p@psu.edu,Oklahoma
Bakhrushin,Bernie,bbakhrushin2q@booking.com,Maryland
McGauhy,Hailee,hmcgauhy2r@spotify.com,Florida
Orro,Dael,dorro2s@istockphoto.com,North Carolina
Rivallant,Ellery,erivallant2t@japanpost.jp,Kentucky
Renney,Renie,rrenney2u@noaa.gov,Illinois
O'Collopy,Sayres,socollopy2v@google.cn,Kentucky
Quarless,Bee,bquarless2w@ucla.edu,Alabama
Rubica,Erica,erubica2x@whitehouse.gov,Maryland
Driutti,Daniella,ddriutti2y@deviantart.com,Texas
Lanktree,Perla,planktree2z@lycos.com,New York
Tabor,Cesaro,ctabor30@latimes.com,District of Columbia
Kryszka,Kiley,kkryszka31@altervista.org,Minnesota
Peschmann,Fin,fpeschmann32@columbia.edu,Texas
Nunson,Aurelia,anunson33@ca.gov,Missouri
Mallett,Tally,tmallett34@multiply.com,Florida
Smeaton,Vilhelmina,vsmeaton35@furl.net,Colorado
Gruszka,Neron,ngruszka36@bigcartel.com,Colorado
Tither,Neely,ntither37@usatoday.com,Texas
Younghusband,Michel,myounghusband38@g.co,Pennsylvania
Morriss,Fern,fmorriss39@indiegogo.com,Georgia
Churchlow,Daisie,dchurchlow3a@harvard.edu,Colorado
Isson,Simmonds,sisson3b@zimbio.com,Virginia
Cassely,Page,pcassely3c@topsy.com,Texas
Jouning,Floyd,fjouning3d@oracle.com,Washington
Sandifer,Marcia,msandifer3e@boston.com,Texas
Helliwell,Leupold,lhelliwell3f@typepad.com,Colorado
Lambdean,Regan,rlambdean3g@soup.io,Minnesota
Wickmann,Nathan,nwickmann3h@amazon.co.uk,Indiana
Linford,Pammi,plinford3i@homestead.com,California
Tourot,Kalli,ktourot3j@sciencedaily.com,Oklahoma
Greatbatch,Galvan,ggreatbatch3k@naver.com,Wisconsin
Pentercost,Eben,epentercost3l@psu.edu,California
Pankethman,Allistir,apankethman3m@blogtalkradio.com,Massachusetts
Walas,Blakeley,bwalas3n@mysql.com,Illinois
Brelsford,Bartie,bbrelsford3o@fastcompany.com,Texas
Refford,Nora,nrefford3p@bloglovin.com,Indiana
Pretious,Marja,mpretious3q@i2i.jp,Arizona
Petteford,Woodrow,wpetteford3r@ox.ac.uk,California
Cardero,Artemas,acardero3s@tinyurl.com,South Carolina
Pillifant,Susann,spillifant3t@infoseek.co.jp,Texas
Olennikov,Fonzie,folennikov3u@comcast.net,South Dakota
Antognazzi,Remington,rantognazzi3v@youku.com,Indiana
Yitshak,Laughton,lyitshak3w@cocolog-nifty.com,North Carolina
Broadist,Woodrow,wbroadist3x@tinyurl.com,Florida
Glazer,Irena,iglazer3y@vimeo.com,Michigan
Oleszkiewicz,Jobyna,joleszkiewicz3z@uol.com.br,South Carolina
Tewkesbury.,Samantha,stewkesbury40@google.de,Oklahoma
Dolman,Wright,wdolman41@parallels.com,Texas
Bothie,Leontine,lbothie42@cam.ac.uk,Texas
Scriviner,Lefty,lscriviner43@e-recht24.de,Minnesota
Wanjek,Corrie,cwanjek44@1und1.de,Ohio
Verdy,Tilda,tverdy45@yahoo.com,Texas
Corsan,Hamilton,hcorsan46@altervista.org,New York
Rolph,Myca,mrolph47@umich.edu,Maryland
Bromby,Mel,mbromby48@usgs.gov,Alaska
Wooffitt,Sargent,swooffitt49@chronoengine.com,California
Reignard,Earl,ereignard4a@dot.gov,California
Garfirth,Laverne,lgarfirth4b@sohu.com,Alabama
Issatt,Tabbie,tissatt4c@flavors.me,Florida
Slowcock,Fanya,fslowcock4d@liveinternet.ru,District of Columbia
Koles,Daphna,dkoles4e@nytimes.com,Tennessee
Thorndale,Warner,wthorndale4f@phoca.cz,Indiana
Redmille,Tully,tredmille4g@xrea.com,New York
Audenis,Nathan,naudenis4h@uol.com.br,Kentucky
Moen,Inesita,imoen4i@ameblo.jp,Tennessee
Labrenz,Ainslee,alabrenz4j@irs.gov,California
Richmond,Emmalynne,erichmond4k@networksolutions.com,Alabama
Ozelton,Claudie,cozelton4l@creativecommons.org,District of Columbia
Shankle,Tallie,tshankle4m@hibu.com,Texas
Pigdon,Jeffie,jpigdon4n@patch.com,Virginia
Ramm,Minnnie,mramm4o@weather.com,Nevada
Roser,Valencia,vroser4p@hubpages.com,Arkansas
Millhouse,Winn,wmillhouse4q@about.com,Texas
Gooderick,Camilla,cgooderick4r@sitemeter.com,California
Corre,Kiah,kcorre4s@netvibes.com,New York
Opdenort,Tatiania,topdenort4t@wordpress.com,Arkansas
Hendren,Bettye,bhendren4u@oracle.com,Connecticut
McTiernan,Vinita,vmctiernan4v@privacy.gov.au,Texas
Pancoast,Ardyth,apancoast4w@omniture.com,California
Sprott,Marillin,msprott4x@chronoengine.com,Minnesota
Connerry,Jacinthe,jconnerry4y@cisco.com,Kansas
Chesterman,Rosalind,rchesterman4z@webnode.com,Washington
Berrycloth,Meghann,mberrycloth50@theguardian.com,Texas
Trusslove,Maribeth,mtrusslove51@webs.com,Louisiana
Hedde,Donall,dhedde52@alibaba.com,Michigan
Healings,Pennie,phealings53@seattletimes.com,Pennsylvania
Corris,Eddy,ecorris54@exblog.jp,Texas
Daice,Mason,mdaice55@usda.gov,Missouri
Abarough,Dev,dabarough56@bigcartel.com,Ohio
Ashdown,Laurence,lashdown57@instagram.com,Texas
Noice,Jemima,jnoice58@yellowbook.com,Massachusetts
BURWIN,Kenton,kburwin59@seattletimes.com,Pennsylvania
Hamer,Rahal,rhamer5a@storify.com,Missouri
Causbey,Corbin,ccausbey5b@shinystat.com,Florida
Vaun,Jillie,jvaun5c@stanford.edu,Georgia
Fellman,Egon,efellman5d@goo.ne.jp,California
Coo,Dalenna,dcoo5e@epa.gov,Illinois
Doerling,Modesty,mdoerling5f@hao123.com,Illinois
Rapsey,Emalia,erapsey5g@github.io,Texas
Latter,Verina,vlatter5h@umich.edu,Colorado
Shelliday,Allyn,ashelliday5i@multiply.com,California
Treleaven,Mathew,mtreleaven5j@nsw.gov.au,Michigan
Kief,Noam,nkief5k@samsung.com,Missouri
Book,Gustavo,gbook5l@vkontakte.ru,Pennsylvania
Birtonshaw,Karel,kbirtonshaw5m@diigo.com,New York
Goly,Bibbye,bgoly5n@wiley.com,Hawaii
Giovanizio,Lula,lgiovanizio5o@netlog.com,Georgia
Whal,Liana,lwhal5p@tripod.com,Michigan
Wentworth,Sheri,swentworth5q@google.fr,Alabama
Eaves,Tommie,teaves5r@arizona.edu,Virginia
Broz,Dorolisa,dbroz5s@mapquest.com,California
Marcu,Ase,amarcu5t@joomla.org,Kentucky
Eveling,Antonie,aeveling5u@epa.gov,Georgia
Coward,Baryram,bcoward5v@usatoday.com,Washington
Zanicchelli,Cal,czanicchelli5w@typepad.com,Missouri
Bergeau,Zeke,zbergeau5x@goo.gl,Virginia
Rouchy,Marsh,mrouchy5y@si.edu,Connecticut
Muncaster,Tildi,tmuncaster5z@sun.com,New York
Maddra,Carroll,cmaddra60@constantcontact.com,Pennsylvania
Blasdale,Udale,ublasdale61@google.cn,California
De Mico,Brenda,bdemico62@sogou.com,Virginia
Basilone,Terri,tbasilone63@kickstarter.com,Mississippi
Pideon,Ruddie,rpideon64@canalblog.com,Connecticut
Bolin,Gerick,gbolin65@sun.com,California
Mc Kellen,Violette,vmckellen66@google.pl,Florida
Gatlin,Teodor,tgatlin67@elegantthemes.com,Washington
Laundon,Vaclav,vlaundon68@home.pl,Mississippi
Pumfrett,Maria,mpumfrett69@hugedomains.com,Florida
Abbado,Ossie,oabbado6a@chicagotribune.com,Pennsylvania
Ivashov,Thibaud,tivashov6b@nymag.com,Kentucky
Ajean,Tuckie,tajean6c@deviantart.com,California
Chartres,Kaspar,kchartres6d@drupal.org,Wisconsin
Eschalotte,Layton,leschalotte6e@dell.com,Idaho
Ference,Gerhard,gference6f@ifeng.com,Missouri
Liddyard,Quinlan,qliddyard6g@biglobe.ne.jp,Kansas
Staning,Emmaline,estaning6h@tuttocitta.it,Texas
McJarrow,Louisa,lmcjarrow6i@adobe.com,Louisiana
Bubb,Tremayne,tbubb6j@adobe.com,California
Spon,Elicia,espon6k@liveinternet.ru,California
Nazaret,Sherwood,snazaret6l@umich.edu,Louisiana
Laugherane,Kalil,klaugherane6m@topsy.com,Arizona
Juza,Heath,hjuza6n@free.fr,Arizona
Lynskey,Vilhelmina,vlynskey6o@narod.ru,California
Loughead,Nat,nloughead6p@baidu.com,California
Gartery,Alano,agartery6q@free.fr,Missouri
Gallymore,Frederique,fgallymore6r@github.com,Kentucky
Portt,Grantley,gportt6s@china.com.cn,Idaho
Nund,Merrick,mnund6t@ocn.ne.jp,Virginia
Juara,Willie,wjuara6u@state.gov,Kansas
Croix,Llewellyn,lcroix6v@vkontakte.ru,Massachusetts
Chantree,Jolyn,jchantree6w@gmpg.org,Florida
Clemenza,Kriste,kclemenza6x@microsoft.com,Michigan
Wort,Hedvige,hwort6y@apple.com,Indiana
Blaase,Jolyn,jblaase6z@sciencedirect.com,Illinois
Cummungs,Owen,ocummungs70@boston.com,Virginia
Ciccarelli,Brenn,bciccarelli71@mail.ru,Oklahoma
Hadlee,Calvin,chadlee72@storify.com,Ohio
Swan,Hartley,hswan73@unc.edu,Illinois
Davana,Bernie,bdavana74@sogou.com,Louisiana
Bruhnsen,Judi,jbruhnsen75@acquirethisname.com,Wisconsin
Cush,Caresse,ccush76@mit.edu,Georgia
MacDiarmid,Amos,amacdiarmid77@pagesperso-orange.fr,Utah
Pasek,Iseabal,ipasek78@furl.net,California
Heritege,Grissel,gheritege79@networkadvertising.org,Florida
Mixhel,Gennie,gmixhel7a@mapy.cz,West Virginia
McGaughie,Skippie,smcgaughie7b@craigslist.org,Missouri
Whilder,Gusty,gwhilder7c@goodreads.com,Virginia
McCrossan,Mikkel,mmccrossan7d@jiathis.com,District of Columbia
McDougal,Anallese,amcdougal7e@seattletimes.com,Florida
Raisher,Carlynn,craisher7f@uol.com.br,New York
Blannin,Robbin,rblannin7g@bloomberg.com,Pennsylvania
Kausche,Arabel,akausche7h@123-reg.co.uk,California
Selliman,Fawn,fselliman7i@globo.com,Georgia
Casemore,Tim,tcasemore7j@china.com.cn,Washington
Chable,Chad,cchable7k@eventbrite.com,Pennsylvania
Mushett,Wallache,wmushett7l@pcworld.com,Ohio
Astbery,Marie-jeanne,mastbery7m@imdb.com,California
Archibald,Mareah,marchibald7n@oakley.com,Texas
Celli,Alan,acelli7o@mapy.cz,California
Vasyutkin,Hermina,hvasyutkin7p@pbs.org,New York
Habgood,Ravid,rhabgood7q@mashable.com,Tennessee
Oboy,Elianore,eoboy7r@spotify.com,Colorado
Crim,Maxy,mcrim7s@reference.com,Georgia
Balser,Simona,sbalser7t@ox.ac.uk,Arizona
Collinette,Artemas,acollinette7u@dedecms.com,Wisconsin
Gouldstraw,Janie,jgouldstraw7v@boston.com,Illinois
Jakaway,Sadye,sjakaway7w@wufoo.com,Georgia
Huebner,Karly,khuebner7x@jiathis.com,Maryland
Friskey,Titus,tfriskey7y@friendfeed.com,Hawaii
Hessel,Gabriela,ghessel7z@t-online.de,Michigan
Curteis,Hastie,hcurteis80@e-recht24.de,Washington
Hoggan,Bord,bhoggan81@skyrock.com,Texas
Tatlowe,Merola,mtatlowe82@marketwatch.com,Michigan
Stolze,Elfrida,estolze83@flavors.me,Hawaii
Morriarty,Noreen,nmorriarty84@oracle.com,Alabama
Halpine,Quintin,qhalpine85@shareasale.com,Idaho
Copes,Luis,lcopes86@goo.ne.jp,Minnesota
Eloy,Hermina,heloy87@cnbc.com,Maryland
Hars,Karna,khars88@flavors.me,California
Cancott,Nelly,ncancott89@comcast.net,Colorado
Vinck,Jill,jvinck8a@digg.com,Texas
Fursse,Veronika,vfursse8b@odnoklassniki.ru,Alabama
Bedwell,Marthe,mbedwell8c@un.org,Florida
Cogan,Demeter,dcogan8d@webeden.co.uk,California
Bierling,Delainey,dbierling8e@google.it,Florida
Wolledge,Timmi,twolledge8f@huffingtonpost.com,Oklahoma
Hallwell,Matt,mhallwell8g@miitbeian.gov.cn,South Dakota
Condict,Bernetta,bcondict8h@shop-pro.jp,District of Columbia
Midden,Heddi,hmidden8i@indiatimes.com,Louisiana
Humerstone,Trixy,thumerstone8j@soup.io,Florida
Quarry,Tobe,tquarry8k@ca.gov,Texas
Giacomo,Pasquale,pgiacomo8l@aol.com,Texas
Carbonell,Dorothea,dcarbonell8m@bbb.org,Arizona
Jancic,Marius,mjancic8n@odnoklassniki.ru,Arizona
Kindred,Christyna,ckindred8o@live.com,Missouri
Nolton,Courtenay,cnolton8p@deliciousdays.com,New Jersey
McKenney,Nicolas,nmckenney8q@over-blog.com,Georgia
Crampton,Elsy,ecrampton8r@ucoz.com,Oklahoma
Kuban,Morty,mkuban8s@i2i.jp,Louisiana
Toping,Jemima,jtoping8t@quantcast.com,Arizona
Burgen,Bekki,bburgen8u@ebay.co.uk,Oklahoma
Mabone,Myriam,mmabone8v@ning.com,Kentucky
Chappelow,Alexine,achappelow8w@yale.edu,Ohio
Rochford,Oliy,orochford8x@xinhuanet.com,Indiana
Douthwaite,Sapphira,sdouthwaite8y@domainmarket.com,Virginia
Gadsdon,Melony,mgadsdon8z@canalblog.com,Michigan
Nesbeth,Joaquin,jnesbeth90@imageshack.us,New York
Jumel,Banky,bjumel91@domainmarket.com,California
Wedderburn,Jobie,jwedderburn92@ucsd.edu,Virginia
Gorsse,Wiatt,wgorsse93@mapy.cz,Illinois
Overpool,Benjie,boverpool94@usgs.gov,Nevada
Piggin,Luciano,lpiggin95@goo.ne.jp,Texas
Yarnton,Iormina,iyarnton96@topsy.com,Hawaii
Van Arsdall,Mehetabel,mvanarsdall97@smh.com.au,Texas
Ruperti,Rosaleen,rruperti98@japanpost.jp,North Carolina
Sawood,Corey,csawood99@google.com,District of Columbia
Hounsham,Muhammad,mhounsham9a@skype.com,Florida
Ewington,Brander,bewington9b@rakuten.co.jp,Ohio
Sorensen,Kirbie,ksorensen9c@ustream.tv,Pennsylvania
Edworthie,Brenna,bedworthie9d@jiathis.com,Virginia
Tocknell,Daphna,dtocknell9e@goo.ne.jp,Texas
Brion,Coleen,cbrion9f@bigcartel.com,Texas
Heaselgrave,Fan,fheaselgrave9g@jugem.jp,Rhode Island
Sammars,Xever,xsammars9h@tumblr.com,Wisconsin
Frankes,Cornie,cfrankes9i@furl.net,Kentucky
Soitoux,Ab,asoitoux9j@bloomberg.com,Arizona
McKibbin,Holt,hmckibbin9k@macromedia.com,Virginia
Demkowicz,Griffie,gdemkowicz9l@stumbleupon.com,Pennsylvania
Garritley,Clare,cgarritley9m@furl.net,Louisiana
Harbisher,Ashly,aharbisher9n@studiopress.com,California
Hotson,Maurine,mhotson9o@miitbeian.gov.cn,Washington
Chopy,Waylin,wchopy9p@sciencedaily.com,Virginia
Jollands,Nevin,njollands9q@webnode.com,Kansas
Bownde,Salvador,sbownde9r@unesco.org,Minnesota
Clewett,Dinny,dclewett9s@senate.gov,Alabama
Grimwood,Rosana,rgrimwood9t@t.co,California
Borgars,Artemis,aborgars9u@narod.ru,Kansas
Cowins,Cinnamon,ccowins9v@springer.com,Ohio
Magor,Adolphus,amagor9w@altervista.org,Nevada
Woodcock,Andrew,awoodcock9x@google.com.br,Arizona
Meert,Darleen,dmeert9y@livejournal.com,California
Prantl,Myron,mprantl9z@nifty.com,Tennessee
Mixhel,Peder,pmixhela0@gmpg.org,Utah
Magister,Torre,tmagistera1@imageshack.us,Florida
Tothe,Mandi,mtothea2@ibm.com,Texas
Deathridge,Frank,fdeathridgea3@sitemeter.com,Oklahoma
Gilfoyle,Eartha,egilfoylea4@privacy.gov.au,Tennessee
Rae,Cheslie,craea5@ehow.com,California
Klauer,Tera,tklauera6@umn.edu,Illinois
Doonican,Cole,cdoonicana7@pagesperso-orange.fr,Illinois
Meijer,Karoline,kmeijera8@geocities.com,California
Castleton,Sara,scastletona9@xrea.com,Florida
Bargh,Barnebas,bbarghaa@nifty.com,Iowa
Windmill,Thomasina,twindmillab@people.com.cn,Oklahoma
Scandrett,Dora,dscandrettac@tinypic.com,Michigan
Pillman,Rochester,rpillmanad@vimeo.com,Georgia
Ruegg,Tripp,trueggae@delicious.com,Florida
Claessens,Harold,hclaessensaf@gov.uk,Texas
Tibb,Lorilyn,ltibbag@desdev.cn,Washington
Roussell,Gwenny,groussellah@geocities.com,California
Lipmann,Washington,wlipmannai@samsung.com,California
Akess,Charin,cakessaj@com.com,Indiana
Dumberell,Stevy,sdumberellak@oracle.com,Florida
MacIlhagga,Bud,bmacilhaggaal@hc360.com,Colorado
Marchington,Camella,cmarchingtonam@soundcloud.com,New Jersey
Kobierski,Rod,rkobierskian@time.com,Delaware
Newcom,Hallsy,hnewcomao@marriott.com,Nevada
Olekhov,Ambros,aolekhovap@google.com.hk,Georgia
Padbery,Torey,tpadberyaq@wordpress.org,Florida
Vuitton,Cathrin,cvuittonar@addtoany.com,New York
Luparti,Petronille,plupartias@imgur.com,Florida
Lilliman,Euell,elillimanat@cam.ac.uk,Michigan
Lakeland,Brear,blakelandau@lycos.com,North Carolina
Coaster,Julianna,jcoasterav@prnewswire.com,Texas
Tunnow,Yehudit,ytunnowaw@ucsd.edu,Florida
Foffano,Hamish,hfoffanoax@loc.gov,Iowa
Mugg,Axe,amuggay@exblog.jp,District of Columbia
Harbron,Hayyim,hharbronaz@house.gov,Missouri
Martusov,Lurleen,lmartusovb0@goodreads.com,Florida
Dell Casa,Mignon,mdellcasab1@tumblr.com,California
Copplestone,Kore,kcopplestoneb2@biblegateway.com,New York
Fabbro,Kayle,kfabbrob3@histats.com,Tennessee
Baddoe,Cross,cbaddoeb4@dot.gov,Georgia
Olphert,Roger,rolphertb5@nps.gov,Mississippi
Charlon,Doris,dcharlonb6@zimbio.com,Washington
Kornalik,Jeddy,jkornalikb7@twitpic.com,Oklahoma
Bowling,Kenon,kbowlingb8@typepad.com,Nevada
Wallentin,Fairfax,fwallentinb9@eepurl.com,Ohio
Cagan,Muhammad,mcaganba@usa.gov,Arizona
Forshaw,Herve,hforshawbb@google.it,Texas
Tomlett,Carma,ctomlettbc@guardian.co.uk,Colorado
Coots,Jeanine,jcootsbd@skype.com,Colorado
Pesek,Yasmeen,ypesekbe@symantec.com,Virginia
Morteo,Aubrey,amorteobf@blog.com,California
Laborde,Nisse,nlabordebg@blogtalkradio.com,Wisconsin
Norsworthy,Bird,bnorsworthybh@xrea.com,Hawaii
Rabbatts,Cris,crabbattsbi@newyorker.com,New York
Stinton,Peg,pstintonbj@xinhuanet.com,Tennessee
Wreak,Antin,awreakbk@zimbio.com,Kansas
Hoult,Kevin,khoultbl@simplemachines.org,Arizona
Memmory,Claudell,cmemmorybm@bravesites.com,Florida
Gilfether,Chucho,cgilfetherbn@blinklist.com,Texas
Eagling,Filia,feaglingbo@google.co.uk,New York
Stroton,Tobie,tstrotonbp@list-manage.com,Colorado
Twaite,Zahara,ztwaitebq@boston.com,Oregon
Thornton,Cirstoforo,cthorntonbr@oakley.com,Ohio
Adlam,Aldon,aadlambs@statcounter.com,New York
Sandhill,Josey,jsandhillbt@sina.com.cn,Texas
Girardet,Marla,mgirardetbu@merriam-webster.com,Minnesota
Pedlar,Gerti,gpedlarbv@chron.com,Arizona
Prangley,Alvie,aprangleybw@noaa.gov,Colorado
Fewless,Hillyer,hfewlessbx@exblog.jp,Virginia
Sabatini,Aubry,asabatiniby@bloomberg.com,Tennessee
Sher,Karna,ksherbz@printfriendly.com,New York
Knewstub,Mable,mknewstubc0@bbb.org,Indiana
Grimbleby,Bentley,bgrimblebyc1@a8.net,Arizona
Clemett,Agatha,aclemettc2@timesonline.co.uk,Massachusetts
Romayn,Dacey,dromaync3@blogger.com,Texas
Gorusso,Nanci,ngorussoc4@virginia.edu,Ohio
Southeran,Martainn,msoutheranc5@skype.com,District of Columbia
Fitchen,Iolande,ifitchenc6@ow.ly,Texas
Trytsman,Madelin,mtrytsmanc7@weibo.com,California
Donat,Arvin,adonatc8@shareasale.com,Hawaii
Drennan,Warden,wdrennanc9@weebly.com,Washington
Critchlow,Tabb,tcritchlowca@smugmug.com,California
Peppett,Kimberley,kpeppettcb@purevolume.com,Massachusetts
Gerge,Louella,lgergecc@joomla.org,Minnesota
Thoday,Willa,wthodaycd@drupal.org,California
Pettet,Chev,cpettetce@walmart.com,Michigan
Markey,Katina,kmarkeycf@ovh.net,Texas
Fallens,Nell,nfallenscg@yahoo.com,Michigan
Langham,Clay,clanghamch@typepad.com,Ohio
Kalkofen,Jerrilee,jkalkofenci@canalblog.com,Pennsylvania
Maffulli,Zelma,zmaffullicj@nydailynews.com,California
Shovelin,Dexter,dshovelinck@eventbrite.com,California
Canning,Catherin,ccanningcl@printfriendly.com,Indiana
Bellinger,Orella,obellingercm@desdev.cn,Tennessee
Hufton,Felic,fhuftoncn@usgs.gov,Pennsylvania
Rose,Gayle,groseco@mediafire.com,Virginia
Ogelsby,Mireielle,mogelsbycp@a8.net,Illinois
Kamall,Elwyn,ekamallcq@ucsd.edu,Michigan
Shawley,Betteanne,bshawleycr@marketwatch.com,Texas
Illiston,Nessy,nillistoncs@jugem.jp,Ohio
Gatteridge,Cathrine,cgatteridgect@cbslocal.com,District of Columbia
Rubberts,Flory,frubbertscu@cam.ac.uk,Oklahoma
Creagh,Koralle,kcreaghcv@macromedia.com,California
Toulson,Star,stoulsoncw@geocities.com,Pennsylvania
Rizzi,Trista,trizzicx@pinterest.com,Texas
Southern,Emili,esoutherncy@icio.us,New York
Pannaman,Joelle,jpannamancz@boston.com,Utah
Folbigg,Koo,kfolbiggd0@google.com.br,Georgia
Dumbrall,Bonnee,bdumbralld1@vkontakte.ru,North Carolina
Norbury,Roldan,rnorburyd2@w3.org,Oklahoma
Bruyet,Chevalier,cbruyetd3@cpanel.net,New Jersey
Pluthero,Boyd,bplutherod4@hao123.com,Texas
Baudino,West,wbaudinod5@apple.com,California
Bockett,Noellyn,nbockettd6@businesswire.com,Texas
Rollinshaw,Caria,crollinshawd7@purevolume.com,Texas
Deveraux,Bale,bdeverauxd8@addtoany.com,District of Columbia
Crack,Gaspar,gcrackd9@patch.com,Florida
Timmens,Stacey,stimmensda@xinhuanet.com,Rhode Island
St Louis,Fergus,fstlouisdb@dailymail.co.uk,Florida
Regnard,Avrit,aregnarddc@hhs.gov,Kansas
Quantrell,Marguerite,mquantrelldd@huffingtonpost.com,Kansas
Ritchard,Sosanna,sritchardde@unesco.org,California
Trobridge,Cecil,ctrobridgedf@merriam-webster.com,Illinois
Pichan,Sherye,spichandg@about.com,Tennessee
Snoden,Karlen,ksnodendh@sun.com,Ohio
Mehmet,Dennis,dmehmetdi@cyberchimps.com,North Carolina
Troucher,Lesley,ltroucherdj@nytimes.com,New York
Kermit,Theressa,tkermitdk@example.com,South Carolina
Balderson,Cyb,cbaldersondl@comsenz.com,Oklahoma
Haversham,Elihu,ehavershamdm@wix.com,Minnesota
Dell,Kelby,kdelldn@yahoo.co.jp,Wisconsin
Coote,Cordy,ccootedo@jimdo.com,New York
Johnsson,Sid,sjohnssondp@cyberchimps.com,Georgia
Maddison,Jaine,jmaddisondq@cam.ac.uk,California
Dawe,Glynis,gdawedr@unblog.fr,District of Columbia
Gheerhaert,Teirtza,tgheerhaertds@ebay.com,Texas
MacColgan,Der,dmaccolgandt@samsung.com,Virginia
Eldrett,Hannie,heldrettdu@ehow.com,Florida
Faulkener,Kev,kfaulkenerdv@photobucket.com,Texas
Rheaume,Florette,frheaumedw@springer.com,North Carolina
Climie,Hogan,hclimiedx@typepad.com,New York
Calkin,Clarinda,ccalkindy@csmonitor.com,Arizona
Brogden,Davy,dbrogdendz@dropbox.com,California
Rawlings,Jamey,jrawlingse0@51.la,Florida
Burgoin,Dean,dburgoine1@usatoday.com,District of Columbia
MacGuffie,Kasey,kmacguffiee2@drupal.org,Texas
Nicolson,Boothe,bnicolsone3@noaa.gov,California
Haggar,Frederico,fhaggare4@intel.com,Indiana
Adamides,Sargent,sadamidese5@wordpress.org,Connecticut
Raulin,Irwinn,irauline6@mac.com,Massachusetts
Augar,Fredi,faugare7@gov.uk,Virginia
Cufflin,Kandace,kcuffline8@wp.com,Pennsylvania
Lebbon,Flore,flebbone9@about.com,Indiana
Melarkey,Hayyim,hmelarkeyea@free.fr,California
Dayce,Kendrick,kdayceeb@cnet.com,Kentucky
Odde,Donnie,doddeec@hibu.com,Texas
Edworthye,Simona,sedworthyeed@prlog.org,New York
Cleeve,Skippy,scleeveee@histats.com,New York
Astlet,Sholom,sastletef@cisco.com,Ohio
Lindwall,Enos,elindwalleg@mapy.cz,District of Columbia
Younge,Latia,lyoungeeh@lulu.com,Indiana
Dimitriades,Bertram,bdimitriadesei@hhs.gov,Texas
Hallan,Carmelia,challanej@privacy.gov.au,District of Columbia
Lys,Ryon,rlysek@mysql.com,Maryland
Prawle,Nicola,nprawleel@rediff.com,New York
De Matteis,Meggy,mdematteisem@lycos.com,Iowa
Lomansey,Haleigh,hlomanseyen@ucoz.ru,Missouri
Ozintsev,Kirstin,kozintseveo@geocities.com,Texas
Sibly,Beitris,bsiblyep@cbsnews.com,District of Columbia
Crus,Dion,dcruseq@wsj.com,Texas
Morrieson,Jeni,jmorriesoner@chron.com,Oklahoma
Lewtey,Oliy,olewteyes@chron.com,Idaho
Fallon,Rice,rfallonet@feedburner.com,Nebraska
Nussen,Kissiah,knusseneu@yahoo.com,Texas
Zouch,Alyse,azouchev@bandcamp.com,Arizona
MacQuarrie,Calida,cmacquarrieew@cbc.ca,South Carolina
Gianinotti,Ingamar,igianinottiex@engadget.com,California
Binfield,Chelsy,cbinfieldey@gizmodo.com,New York
Woodnutt,Gibb,gwoodnuttez@amazonaws.com,District of Columbia
Nisby,Hilliary,hnisbyf0@abc.net.au,Texas
Milkeham,Tore,tmilkehamf1@chronoengine.com,Minnesota
Jozsef,Guillemette,gjozseff2@issuu.com,District of Columbia
Fronzek,Roi,rfronzekf3@unc.edu,Wisconsin
Bestar,Susanna,sbestarf4@ustream.tv,Massachusetts
Chetwind,Hobart,hchetwindf5@samsung.com,Massachusetts
Bride,Godfrey,gbridef6@google.ca,Connecticut
Magauran,Thom,tmagauranf7@pbs.org,Wisconsin
Immins,Hermine,himminsf8@myspace.com,Virginia
Janak,Ange,ajanakf9@vkontakte.ru,California
Gartshore,Morly,mgartshorefa@booking.com,Pennsylvania
Dudgeon,Aridatha,adudgeonfb@woothemes.com,Pennsylvania
Kershow,Daryn,dkershowfc@hp.com,Florida
Diggins,Oberon,odigginsfd@sphinn.com,Virginia
Twatt,Jermaine,jtwattfe@fc2.com,New Jersey
O'Donoghue,Darsie,dodonoghueff@gravatar.com,Connecticut
Skeermor,Seamus,sskeermorfg@ox.ac.uk,Texas
Bainton,Millard,mbaintonfh@godaddy.com,New York
O'Looney,Sibelle,solooneyfi@sourceforge.net,Virginia
Weight,Una,uweightfj@uol.com.br,New Jersey
Sokell,Lyn,lsokellfk@wisc.edu,Pennsylvania
Siley,Justino,jsileyfl@ning.com,Virginia
Deller,Benoite,bdellerfm@mapquest.com,New York
Ollier,Foster,follierfn@altervista.org,New York
Grayshon,Carolyn,cgrayshonfo@pbs.org,District of Columbia
Cullotey,Kent,kculloteyfp@taobao.com,Arkansas
Myall,Brendon,bmyallfq@sogou.com,Tennessee
Bollen,Rebekkah,rbollenfr@php.net,Georgia
Comelli,Celinka,ccomellifs@shop-pro.jp,Texas
Allsop,Sammie,sallsopft@stanford.edu,Texas
Matzl,Lainey,lmatzlfu@cisco.com,Indiana
Iddenden,Husain,hiddendenfv@hud.gov,Iowa
Tomek,Jo,jtomekfw@disqus.com,Alaska
Dumingos,Clementius,cdumingosfx@ucoz.ru,Georgia
Kingscote,Russ,rkingscotefy@dagondesign.com,Georgia
Weblin,Manuel,mweblinfz@uiuc.edu,Pennsylvania
Adame,Carlee,cadameg0@discuz.net,Minnesota
Tullot,Chiarra,ctullotg1@bloomberg.com,Ohio
Norcott,Donica,dnorcottg2@pbs.org,North Carolina
Filkov,Star,sfilkovg3@google.com.hk,Oregon
Marlow,Ingaberg,imarlowg4@google.co.jp,New York
Helm,Marielle,mhelmg5@nationalgeographic.com,Missouri
Leeke,Wells,wleekeg6@mashable.com,New Mexico
Gosselin,Ermina,egosseling7@redcross.org,Maryland
Gamage,Cesar,cgamageg8@prweb.com,South Carolina
Sparkes,Elvina,esparkesg9@artisteer.com,Texas
Ruoss,Ainsley,aruossga@omniture.com,Virginia
Dytham,Susie,sdythamgb@ucsd.edu,Indiana
MacCaughen,Kimball,kmaccaughengc@microsoft.com,Ohio
Joyce,Fowler,fjoycegd@google.ca,Texas
Leedal,Davy,dleedalge@wsj.com,South Carolina
Johnes,Cash,cjohnesgf@bbb.org,Texas
Bricklebank,Herc,hbricklebankgg@wufoo.com,Tennessee
Maltster,Burr,bmaltstergh@surveymonkey.com,Florida
Stirrup,Gates,gstirrupgi@lycos.com,Arkansas
Maskew,Dianne,dmaskewgj@msn.com,Colorado
Burdell,Rhea,rburdellgk@blinklist.com,Florida
Gringley,Jim,jgringleygl@liveinternet.ru,South Carolina
Beernt,Patin,pbeerntgm@tripod.com,Iowa
Longden,Cecilla,clongdengn@mapquest.com,Virginia
Udy,Luciana,ludygo@cmu.edu,District of Columbia
Bewsy,Lilas,lbewsygp@scribd.com,Florida
Bullent,Christoper,cbullentgq@google.co.jp,Ohio
Penrose,Ramona,rpenrosegr@wired.com,Florida
Emney,Guntar,gemneygs@narod.ru,District of Columbia
Ballintyne,Merle,mballintynegt@google.ru,Tennessee
Crock,Patricia,pcrockgu@usnews.com,Alabama
Benstead,Joelle,jbensteadgv@pinterest.com,South Carolina
Adicot,Hanna,hadicotgw@huffingtonpost.com,Louisiana
Llop,Clayson,cllopgx@cyberchimps.com,Ohio
Abbey,Brandise,babbeygy@tinyurl.com,New Mexico
Sapsed,Hedwig,hsapsedgz@ihg.com,Ohio
Finlater,Amity,afinlaterh0@phpbb.com,Texas
Ambrodi,Rafael,rambrodih1@free.fr,Florida
Hexter,Sigismund,shexterh2@vistaprint.com,Illinois
Bertelsen,Phebe,pbertelsenh3@twitpic.com,California
Johnsee,Che,cjohnseeh4@acquirethisname.com,Georgia
Kirkland,Ferrel,fkirklandh5@rediff.com,Colorado
Menat,Heddie,hmenath6@spiegel.de,Texas
Chavrin,Ashlen,achavrinh7@ezinearticles.com,Texas
Copello,Jasen,jcopelloh8@quantcast.com,Georgia
Thornally,Alessandra,athornallyh9@slideshare.net,Florida
Pisco,Corbie,cpiscoha@ebay.com,Pennsylvania
Canceller,Hanan,hcancellerhb@about.me,Georgia
Stroton,Dory,dstrotonhc@hatena.ne.jp,California
Yardy,Fidel,fyardyhd@skyrock.com,Minnesota
Clowsley,Thornton,tclowsleyhe@behance.net,Vermont
Wadham,Fannie,fwadhamhf@walmart.com,California
McHaffy,Fitzgerald,fmchaffyhg@goodreads.com,Tennessee
Purslow,Jesus,jpurslowhh@123-reg.co.uk,California
Petr,Selina,spetrhi@infoseek.co.jp,Pennsylvania
Whiston,Nester,nwhistonhj@multiply.com,Texas
Goshawk,Adolph,agoshawkhk@home.pl,Texas
Souttar,Monroe,msouttarhl@zdnet.com,Florida
Tremellan,Darelle,dtremellanhm@livejournal.com,Indiana
Barajaz,Lavinia,lbarajazhn@businessweek.com,Florida
Shiers,Pierre,pshiersho@google.pl,California
Laurenceau,Rori,rlaurenceauhp@feedburner.com,Texas
Vedenichev,Blithe,bvedenichevhq@bandcamp.com,Kentucky
Klimkovich,Leshia,lklimkovichhr@smh.com.au,Virginia
Dunstone,Wanda,wdunstonehs@nydailynews.com,Wisconsin
Engall,Giusto,gengallht@yandex.ru,California
Sahnow,Pebrook,psahnowhu@noaa.gov,Minnesota
Tuffin,Patricio,ptuffinhv@eepurl.com,California
Sidey,Frants,fsideyhw@tamu.edu,Florida
Dudney,Zebulen,zdudneyhx@cloudflare.com,Mississippi
Jeannequin,Emlynn,ejeannequinhy@instagram.com,New York
Camies,Justinian,jcamieshz@alexa.com,Ohio
Peiro,Mattias,mpeiroi0@webmd.com,California
Paish,Jarrad,jpaishi1@mapquest.com,California
Sealey,Welch,wsealeyi2@microsoft.com,North Carolina
Pyper,Tabor,tpyperi3@berkeley.edu,District of Columbia
Gorman,Ignacius,igormani4@bloglines.com,Connecticut
Domniney,Winny,wdomnineyi5@hao123.com,Utah
Farrow,Uriah,ufarrowi6@google.ru,Maryland
Lambillion,Amalie,alambillioni7@google.com.br,Florida
Trounson,Jeromy,jtrounsoni8@europa.eu,California
Andreacci,Flinn,fandreaccii9@wikimedia.org,South Carolina
Ravilus,Ahmed,aravilusia@gizmodo.com,Virginia
Scutter,Seamus,sscutterib@about.me,Louisiana
Carlon,Berkly,bcarlonic@acquirethisname.com,Colorado
McKaile,Darren,dmckaileid@so-net.ne.jp,Oklahoma
Leggott,Caryl,cleggottie@aboutads.info,Missouri
Bradburn,Arri,abradburnif@scribd.com,North Carolina
Winsor,Phil,pwinsorig@fema.gov,Florida
Grumble,Breanne,bgrumbleih@ning.com,Pennsylvania
Fiddy,Adda,afiddyii@alexa.com,Arkansas
Henstone,Jody,jhenstoneij@i2i.jp,New York
Vickar,Guinevere,gvickarik@cocolog-nifty.com,California
Aldus,Roberta,raldusil@google.pl,Virginia
Budgeon,Corbett,cbudgeonim@admin.ch,California
De Biaggi,Loy,ldebiaggiin@usda.gov,Texas
Kobierzycki,Sibyl,skobierzyckiio@g.co,Texas
Skae,Alonzo,askaeip@smugmug.com,Nevada
Hess,Kassie,khessiq@slideshare.net,District of Columbia
Abramchik,Caldwell,cabramchikir@jugem.jp,Delaware
Lammie,Faith,flammieis@buzzfeed.com,Ohio
Edmands,Kevon,kedmandsit@noaa.gov,North Carolina
Pocock,Bonnie,bpocockiu@ocn.ne.jp,Alabama
Cordrey,Birgit,bcordreyiv@fastcompany.com,South Carolina
Kertess,Derward,dkertessiw@histats.com,Maryland
Clay,Mitchel,mclayix@soundcloud.com,Texas
Rijkeseis,Derrik,drijkeseisiy@facebook.com,Massachusetts
Whitlaw,Kipp,kwhitlawiz@1688.com,Pennsylvania
Banaszkiewicz,Tabatha,tbanaszkiewiczj0@taobao.com,Connecticut
Lapree,Ame,alapreej1@liveinternet.ru,Michigan
Nafziger,Roselle,rnafzigerj2@census.gov,Nevada
Wykey,Corrie,cwykeyj3@newyorker.com,Minnesota
Nance,Brittan,bnancej4@microsoft.com,Indiana
Winsiowiecki,Miquela,mwinsiowieckij5@cmu.edu,District of Columbia
Bessent,Dasha,dbessentj6@state.gov,Wisconsin
Gladbach,Abbe,agladbachj7@google.nl,Connecticut
Van Cassel,Alyson,avancasselj8@wikimedia.org,Illinois
Hussell,Guthrey,ghussellj9@stanford.edu,California
Vivers,Ode,oviversja@usgs.gov,Florida
Rault,Jacquetta,jraultjb@scribd.com,Nevada
Cosgrive,Kristel,kcosgrivejc@naver.com,Oregon
Rumble,Joela,jrumblejd@illinois.edu,California
Hazleton,Anthea,ahazletonje@jimdo.com,Georgia
Gallamore,Gleda,ggallamorejf@stumbleupon.com,Massachusetts
Byatt,Chanda,cbyattjg@360.cn,Texas
Eakens,Otha,oeakensjh@fc2.com,Georgia
Joseph,Gardiner,gjosephji@posterous.com,Virginia
de'-Ancy Willis,Karie,kdeancywillisjj@sbwire.com,Colorado
Demann,Howie,hdemannjk@forbes.com,Connecticut
Norvell,Benn,bnorvelljl@weebly.com,New York
Kevlin,Abbey,akevlinjm@rakuten.co.jp,California
Hubback,Grete,ghubbackjn@hhs.gov,Illinois
Blunsen,Swen,sblunsenjo@state.tx.us,Tennessee
Rainsden,Anastasia,arainsdenjp@weather.com,Minnesota
Basant,Augy,abasantjq@photobucket.com,Florida
Poulsum,Andreas,apoulsumjr@mozilla.com,Texas
Dagwell,Malissa,mdagwelljs@china.com.cn,Georgia
Pinner,Bryant,bpinnerjt@jiathis.com,California
Campos,Ardella,acamposju@spotify.com,Tennessee
Wasmer,Alick,awasmerjv@chron.com,Oklahoma
Ackhurst,Orsa,oackhurstjw@nih.gov,Georgia
Kliemke,Ruperto,rkliemkejx@uiuc.edu,Arizona
Le Cornu,Eli,elecornujy@nature.com,Louisiana
Sharland,Goddart,gsharlandjz@barnesandnoble.com,Michigan
Klimov,Galina,gklimovk0@etsy.com,Pennsylvania
Kilbourne,Robby,rkilbournek1@twitpic.com,Massachusetts
Calbaithe,Nikolaos,ncalbaithek2@flavors.me,Minnesota
Shepland,Peirce,psheplandk3@bbc.co.uk,District of Columbia
Barke,Odette,obarkek4@spotify.com,Kentucky
Harriskine,Halsy,hharriskinek5@flavors.me,Virginia
Tristram,Terri,ttristramk6@bloomberg.com,South Carolina
Scurman,Eloise,escurmank7@virginia.edu,Colorado
Mateos,Phil,pmateosk8@paginegialle.it,California
Touret,Edie,etouretk9@archive.org,California
Ind,Levin,lindka@amazon.com,Louisiana
Pepall,Diana,dpepallkb@sciencedaily.com,Nevada
Bendig,Paula,pbendigkc@newyorker.com,Iowa
Eilhersen,Dulce,deilhersenkd@nature.com,Kentucky
Van der Baaren,Milty,mvanderbaarenke@usda.gov,Virginia
Bartlet,Winn,wbartletkf@friendfeed.com,Utah
Hydes,Lynna,lhydeskg@nature.com,New York
Hendricks,Atlante,ahendrickskh@e-recht24.de,Indiana
Giggs,Hagen,hgiggski@360.cn,Texas
Trousdell,Barnaby,btrousdellkj@printfriendly.com,Texas
Partlett,Maxy,mpartlettkk@princeton.edu,Florida
McMorran,Tyson,tmcmorrankl@nps.gov,Illinois
Criag,Lenee,lcriagkm@privacy.gov.au,Michigan
Filipovic,Teodoor,tfilipovickn@php.net,Texas
Pirt,Art,apirtko@facebook.com,Georgia
Kellitt,Suzanna,skellittkp@163.com,North Carolina
Lipprose,Leelah,llipprosekq@github.io,District of Columbia
Rebanks,Giraldo,grebankskr@tripadvisor.com,North Carolina
Schubert,Blinnie,bschubertks@bbb.org,Illinois
Kleinsinger,Lorrayne,lkleinsingerkt@theatlantic.com,New York
Robelin,Holli,hrobelinku@mediafire.com,Virginia
Johanning,Stanton,sjohanningkv@va.gov,New Jersey
Goodyear,Ogdon,ogoodyearkw@netscape.com,Texas
Wolfenden,Clementia,cwolfendenkx@google.de,Alabama
Janousek,Ronnie,rjanousekky@booking.com,California
Starmont,Diarmid,dstarmontkz@t.co,Pennsylvania
Thorrington,Elisabetta,ethorringtonl0@google.cn,Iowa
Doyle,Normand,ndoylel1@icq.com,Ohio
Adran,Cello,cadranl2@amazonaws.com,New York
Dearman,Hillie,hdearmanl3@stanford.edu,Indiana
Blankman,Enrico,eblankmanl4@rakuten.co.jp,California
Allred,Saidee,sallredl5@webnode.com,Ohio
Ineson,Lorianne,linesonl6@independent.co.uk,Virginia
Menichini,Demott,dmenichinil7@epa.gov,Florida
Whyke,Stephine,swhykel8@loc.gov,Texas
Borman,Clerkclaude,cbormanl9@columbia.edu,California
Claussen,Bobinette,bclaussenla@sitemeter.com,North Carolina
Marfell,Morgan,mmarfelllb@dailymail.co.uk,Ohio
Poone,Melvin,mpoonelc@so-net.ne.jp,Texas
Lasselle,Sue,slasselleld@xinhuanet.com,Texas
Ryhorovich,Hadlee,hryhorovichle@stumbleupon.com,Wisconsin
Radleigh,Grazia,gradleighlf@telegraph.co.uk,Pennsylvania
Fussie,Michele,mfussielg@printfriendly.com,Florida
Furze,Urban,ufurzelh@mtv.com,Minnesota
Gamlen,Dorotea,dgamlenli@tuttocitta.it,Indiana
Ingleston,Marty,minglestonlj@unblog.fr,Illinois
Been,Sheffy,sbeenlk@cyberchimps.com,Pennsylvania
Tuffey,Gae,gtuffeyll@g.co,Louisiana
Boise,Krissie,kboiselm@constantcontact.com,New Jersey
MacCome,Jonie,jmaccomeln@zimbio.com,Colorado
Sor,Burgess,bsorlo@boston.com,Kentucky
Thackston,Francis,fthackstonlp@sourceforge.net,Ohio
Mattimoe,Irv,imattimoelq@cdc.gov,New York
Guislin,Fulvia,fguislinlr@liveinternet.ru,Florida
Mirando,Kristin,kmirandols@nifty.com,Georgia
Matias,Sasha,smatiaslt@imgur.com,Florida
Kolak,Dreddy,dkolaklu@seattletimes.com,Texas
Falcus,Adora,afalcuslv@addtoany.com,North Carolina
Berlin,Tamera,tberlinlw@accuweather.com,Indiana
Hardesty,Raeann,rhardestylx@redcross.org,Ohio
McGarvie,Vincenty,vmcgarviely@ucoz.com,North Carolina
Pudding,Alec,apuddinglz@google.pl,Texas
Sampey,Annamarie,asampeym0@google.ru,New York
Abbey,Hewe,habbeym1@ft.com,Nevada
Tofpik,Hewie,htofpikm2@surveymonkey.com,Missouri
Winchurst,Ram,rwinchurstm3@yahoo.co.jp,Pennsylvania
Casine,Addy,acasinem4@fc2.com,California
Fance,Kassandra,kfancem5@sbwire.com,Texas
Benning,Dolph,dbenningm6@google.nl,Florida
Knighton,Clio,cknightonm7@washington.edu,Tennessee
Hardi,Rosalinde,rhardim8@icq.com,Colorado
Whitehorne,Kerri,kwhitehornem9@ibm.com,Virginia
Bandey,Consuela,cbandeyma@imgur.com,California
Messom,Cherise,cmessommb@hibu.com,Ohio
McIan,Stefanie,smcianmc@reuters.com,Georgia
Brimming,Emerson,ebrimmingmd@springer.com,West Virginia
Garnul,Eadmund,egarnulme@so-net.ne.jp,Texas
Cliburn,Skelly,scliburnmf@forbes.com,New Jersey
Nutbeem,Sylvan,snutbeemmg@ucla.edu,Virginia
Whorlton,Baily,bwhorltonmh@is.gd,Alabama
Kenny,Georgena,gkennymi@biglobe.ne.jp,Ohio
Osboldstone,Leroi,losboldstonemj@freewebs.com,Arizona
Schusterl,Bea,bschusterlmk@cbslocal.com,Texas
Iacovini,Del,diacoviniml@tamu.edu,Florida
Sirl,Dalis,dsirlmm@ycombinator.com,North Carolina
Duckworth,Aldon,aduckworthmn@disqus.com,Ohio
Mullany,Sherye,smullanymo@amazon.co.uk,California
Reichelt,Shannen,sreicheltmp@edublogs.org,Connecticut
Tire,Joana,jtiremq@icio.us,Indiana
Buchett,Brena,bbuchettmr@gnu.org,Iowa
Burker,Alanna,aburkerms@so-net.ne.jp,Kentucky
McCloch,Colby,cmcclochmt@mozilla.org,Colorado
Gori,Rodrigo,rgorimu@webeden.co.uk,California
Glaister,Barde,bglaistermv@etsy.com,Kentucky
Jolliman,Yvette,yjollimanmw@microsoft.com,Texas
Larratt,Adara,alarrattmx@com.com,District of Columbia
Dicke,Laurena,ldickemy@liveinternet.ru,Virginia
Guinn,Sarene,sguinnmz@ezinearticles.com,Arizona
Jovicevic,Ailsun,ajovicevicn0@symantec.com,New Jersey
Kisby,Jase,jkisbyn1@networkadvertising.org,California
Symon,Claudine,csymonn2@irs.gov,Pennsylvania
Ghiroldi,Warner,wghiroldin3@yellowbook.com,Utah
Hens,Brennan,bhensn4@cafepress.com,Wisconsin
Allonby,Melva,mallonbyn5@sfgate.com,Texas
Landis,Romona,rlandisn6@answers.com,Texas
Bonifazio,Kariotta,kbonifazion7@tumblr.com,Texas
Leser,Emiline,elesern8@dedecms.com,Texas
Pleass,Dorothy,dpleassn9@oaic.gov.au,Oklahoma
Chisholm,Elena,echisholmna@squidoo.com,Florida
Vallantine,Haven,hvallantinenb@slate.com,California
Doran,Rafe,rdorannc@ovh.net,Idaho
Moncur,Milissent,mmoncurnd@opensource.org,Colorado
Duncanson,Georgine,gduncansonne@oaic.gov.au,New York
Antoni,Joscelin,jantoninf@e-recht24.de,North Carolina
D'Oyley,Holt,hdoyleyng@youku.com,New Jersey
Tumbelty,Ario,atumbeltynh@scribd.com,New Mexico
Turfitt,Terri,tturfittni@google.ca,Virginia
Rucklesse,Briggs,brucklessenj@instagram.com,New Mexico
Corain,Demetris,dcorainnk@howstuffworks.com,Florida
Grenshiels,Boonie,bgrenshielsnl@seattletimes.com,California
Cragg,Jacklyn,jcraggnm@wp.com,Texas
Pollicatt,Dana,dpollicattnn@spiegel.de,Florida
Fullerlove,Bethany,bfullerloveno@shop-pro.jp,California
Thompsett,Yurik,ythompsettnp@blogs.com,Texas
Towson,Christie,ctowsonnq@quantcast.com,Tennessee
Doak,Jemima,jdoaknr@google.co.uk,Colorado
Kennealy,Kaitlyn,kkennealyns@google.com,District of Columbia
Rolstone,Laure,lrolstonent@soup.io,California
Duerdin,Aylmer,aduerdinnu@mashable.com,Tennessee
Jakeman,Wenonah,wjakemannv@wufoo.com,Virginia
Haysar,Ellis,ehaysarnw@dagondesign.com,California
Francey,Huntlee,hfranceynx@csmonitor.com,Tennessee
Mytton,Edwina,emyttonny@icio.us,Alabama
Coase,Antonia,acoasenz@patch.com,Wisconsin
Meriel,Eb,emerielo0@pcworld.com,Missouri
Robart,Rolf,rrobarto1@addthis.com,Texas
Quye,Netti,nquyeo2@addthis.com,Minnesota
Punyer,Aldous,apunyero3@technorati.com,Kentucky
Mankor,Dill,dmankoro4@irs.gov,Washington
Cogan,Ossie,ocogano5@ustream.tv,Georgia
Seegar,Howard,hseegaro6@independent.co.uk,Tennessee
Brotherheed,Orton,obrotherheedo7@macromedia.com,New York
de Marco,Gussi,gdemarcoo8@hostgator.com,Maryland
Innerstone,Lucias,linnerstoneo9@scientificamerican.com,Michigan
Jerzak,Larissa,ljerzakoa@comsenz.com,Nevada
Drewry,Dorelia,ddrewryob@msn.com,West Virginia
Fundell,Ashley,afundelloc@cpanel.net,Texas
Insole,Mella,minsoleod@sphinn.com,Pennsylvania
Rebanks,Bobbee,brebanksoe@a8.net,Michigan
Thursfield,Conroy,cthursfieldof@hatena.ne.jp,Nevada
Babbe,Wakefield,wbabbeog@list-manage.com,Wisconsin
Arnatt,Finn,farnattoh@4shared.com,Colorado
Scantleberry,Town,tscantleberryoi@surveymonkey.com,Missouri
Sudell,Sorcha,ssudelloj@geocities.com,New York
Swettenham,Jaye,jswettenhamok@admin.ch,California
Walbridge,Dedie,dwalbridgeol@odnoklassniki.ru,Florida
Mesias,Nerita,nmesiasom@eepurl.com,California
Jarlmann,Karl,kjarlmannon@theatlantic.com,Wisconsin
Ollarenshaw,Josefa,jollarenshawoo@fastcompany.com,Pennsylvania
McCollum,Conrade,cmccollumop@ucoz.com,Texas
Physick,Kevin,kphysickoq@apple.com,Arizona
Lampart,Wendell,wlampartor@biblegateway.com,District of Columbia
Aharoni,Osbourne,oaharonios@ftc.gov,Idaho
Delhanty,Dionysus,ddelhantyot@list-manage.com,Michigan
Henrion,Brandy,bhenrionou@arstechnica.com,Kentucky
Cornelis,Flem,fcornelisov@cafepress.com,New York
Bezant,Ernie,ebezantow@chicagotribune.com,Virginia
Dowtry,Riannon,rdowtryox@squarespace.com,Tennessee
Lauridsen,Holden,hlauridsenoy@indiegogo.com,Louisiana
Maccaig,Audra,amaccaigoz@qq.com,Tennessee
Yakubovics,Vitia,vyakubovicsp0@cpanel.net,Tennessee
Limer,Madelaine,mlimerp1@ehow.com,Colorado
Seligson,Oralie,oseligsonp2@nbcnews.com,California
Doneld,Jemima,jdoneldp3@friendfeed.com,Wisconsin
Eke,Benito,bekep4@elpais.com,California
Cottem,Bendite,bcottemp5@scribd.com,Florida
Margery,Rosemarie,rmargeryp6@ihg.com,Texas
Warlton,Edythe,ewarltonp7@europa.eu,Missouri
Garwill,Karie,kgarwillp8@is.gd,Ohio
Rolles,Roarke,rrollesp9@ezinearticles.com,Illinois
Basset,Ynez,ybassetpa@alexa.com,Colorado
Canadas,Chloe,ccanadaspb@yellowbook.com,Georgia
Everall,Eadie,eeverallpc@yahoo.co.jp,Texas
Cuxson,Shannon,scuxsonpd@scribd.com,Michigan
Isabell,Lev,lisabellpe@opera.com,California
Drew,Nanete,ndrewpf@ibm.com,Nebraska
Mathewes,Bax,bmathewespg@apache.org,Florida
Yearnes,Almira,ayearnesph@statcounter.com,Colorado
Dacre,Isahella,idacrepi@ca.gov,Texas
Bartley,Dorey,dbartleypj@unblog.fr,Texas
Slopier,Alwin,aslopierpk@artisteer.com,Indiana
Hamblett,Hartwell,hhamblettpl@forbes.com,California
Lambrick,Lorry,llambrickpm@fastcompany.com,Florida
Pococke,Dion,dpocockepn@soup.io,Florida
Sitford,Lucas,lsitfordpo@wufoo.com,Oregon
Beeckx,Laurene,lbeeckxpp@discuz.net,Arizona
Bradburn,Ashil,abradburnpq@lycos.com,Pennsylvania
Mattiello,Doe,dmattiellopr@forbes.com,Missouri
Iwanczyk,Hymie,hiwanczykps@techcrunch.com,Alabama
Regan,Brittaney,breganpt@homestead.com,Maryland
Choules,Jeanine,jchoulespu@github.com,Georgia
Eckersley,Lorette,leckersleypv@yahoo.com,Tennessee
Rushford,Christopher,crushfordpw@theatlantic.com,California
Bonnavant,Bliss,bbonnavantpx@adobe.com,Washington
Boldra,Rodina,rboldrapy@smugmug.com,California
Catton,Lammond,lcattonpz@auda.org.au,Oregon
Ozanne,Janith,jozanneq0@discuz.net,Missouri
Pond,Katee,kpondq1@cisco.com,Texas
Cramp,Remus,rcrampq2@answers.com,Louisiana
Dumphrey,Shirley,sdumphreyq3@unblog.fr,Ohio
Robion,Whitby,wrobionq4@vinaora.com,Massachusetts
Prangley,Jeniffer,jprangleyq5@about.com,Rhode Island
Fairleigh,Gasparo,gfairleighq6@bluehost.com,Minnesota
Heinreich,Bayard,bheinreichq7@mashable.com,Arizona
Trundle,Normy,ntrundleq8@wunderground.com,Florida
Walasik,Maurine,mwalasikq9@ibm.com,Iowa
Scouse,Glenda,gscouseqa@dedecms.com,Missouri
Jahnke,Isaak,ijahnkeqb@geocities.jp,Texas
Stracey,Gorden,gstraceyqc@wikia.com,Georgia
Bernhardi,Randi,rbernhardiqd@jugem.jp,California
Blencowe,Fiorenze,fblencoweqe@geocities.jp,California
Mac,Marilin,mmacqf@issuu.com,California
Pote,Ofelia,opoteqg@wikipedia.org,Nevada
Juett,Lindsey,ljuettqh@msn.com,Texas
Edgeon,Noelyn,nedgeonqi@geocities.com,Texas
Vernall,Dix,dvernallqj@taobao.com,Ohio
De Laspee,Izabel,idelaspeeqk@wsj.com,Texas
Chatainier,Mame,mchatainierql@is.gd,Virginia
Poynter,Emmaline,epoynterqm@hugedomains.com,Louisiana
Heed,Bartlet,bheedqn@aol.com,New York
Stopforth,Arlen,astopforthqo@goo.ne.jp,Tennessee
Sheilds,Nisse,nsheildsqp@squarespace.com,New York
Lamblin,Codie,clamblinqq@amazon.de,New Jersey
Bagenal,Emlynne,ebagenalqr@wikispaces.com,Texas
Krier,Sacha,skrierqs@youtube.com,South Carolina
Sammonds,Diana,dsammondsqt@smugmug.com,Virginia
Franceschielli,Amara,afranceschielliqu@diigo.com,Texas
Coulston,Nicholas,ncoulstonqv@list-manage.com,Texas
Cadigan,Sampson,scadiganqw@stanford.edu,Georgia
Simanenko,Eleanore,esimanenkoqx@craigslist.org,North Carolina
Jayes,Brooke,bjayesqy@google.com.au,California
Beardsdale,Ferdinanda,fbeardsdaleqz@ebay.co.uk,California
Pandie,Melamie,mpandier0@bravesites.com,Maryland
Dandie,Clement,cdandier1@cloudflare.com,South Carolina
Keenor,Mitchael,mkeenorr2@google.pl,Oklahoma
Joinsey,Cole,cjoinseyr3@360.cn,Texas
Hanington,Warren,whaningtonr4@dmoz.org,Ohio
Bunny,Mose,mbunnyr5@wikimedia.org,Georgia
Streader,Trumann,tstreaderr6@mail.ru,California
Stenning,Hailee,hstenningr7@foxnews.com,Louisiana
Lillywhite,Case,clillywhiter8@mysql.com,California
Derisley,Ethelind,ederisleyr9@nifty.com,Colorado
Carmichael,Raphaela,rcarmichaelra@mayoclinic.com,Kansas
Shurey,Georgie,gshureyrb@mozilla.com,North Carolina
Turpin,Laraine,lturpinrc@accuweather.com,Michigan
Paulus,Tressa,tpaulusrd@jimdo.com,New York
Gon,Heidi,hgonre@mtv.com,Connecticut
Lindroos,Melisse,mlindroosrf@bbc.co.uk,Louisiana
Mathy,Glennis,gmathyrg@answers.com,Ohio
Doul,Joellyn,jdoulrh@fotki.com,Texas
Skellern,Hersch,hskellernri@artisteer.com,New York
Brindley,Griz,gbrindleyrj@census.gov,Virginia
Ghidoli,Georgena,gghidolirk@ted.com,North Dakota
Lyddy,Knox,klyddyrl@blog.com,New Jersey
Osborne,Fidole,fosbornerm@bluehost.com,Minnesota
Chapelhow,Mick,mchapelhowrn@theglobeandmail.com,District of Columbia
Pennini,Filip,fpenniniro@tamu.edu,Texas
Lindsey,Abagael,alindseyrp@zimbio.com,Florida
Birrane,Kaye,kbirranerq@technorati.com,California
Simmens,Anthia,asimmensrr@youtube.com,Delaware