Doris,Jones,djones0@tinypic.com,Angola,djones0,4PBTeXT843,206.244.65.195
Elizabeth,Carter,ecarter1@economist.com,China,ecarter1,6QREKNla,171.43.208.9
Sara,Mendoza,smendoza2@illinois.edu,Russia,smendoza2,htpyTsHhP,148.84.43.67
Henry,Johnston,hjohnston3@mayoclinic.com,Indonesia,hjohnston3,TyE222szRHg1,114.201.3.247
Nicholas,Ramirez,nramirez4@ovh.net,Sweden,nramirez4,XOKR8uZU,113.109.93.184
Melissa,Hansen,mhansen5@wunderground.com,South Korea,mhansen5,YeH6fgFC,177.190.71.189
Kevin,Shaw,kshaw6@issuu.com,Vietnam,kshaw6,INJOdC15Ryae,139.144.21.220
Mildred,Marshall,mmarshall7@cdc.gov,China,mmarshall7,XeoSSavgMMj,15.159.178.70
Patrick,Mitchell,pmitchell8@telegraph.co.uk,Russia,pmitchell8,0BasM3,101.208.63.219
Dorothy,Spencer,dspencer9@washingtonpost.com,Greece,dspencer9,2nCHj9,41.136.170.155
Denise,Martin,dmartina@mtv.com,Indonesia,dmartina,WDgtQfzixB,17.213.169.45
Charles,Taylor,ctaylorb@ebay.com,Azerbaijan,ctaylorb,y1Fidhs6I,27.205.134.203
Annie,Richards,arichardsc@answers.com,Czech Republic,arichardsc,ddnDEaV8O2,0.11.142.107
Roy,Greene,rgreened@blogger.com,Bangladesh,rgreened,tJAlWQhqz,94.9.5.161
David,Gibson,dgibsone@jugem.jp,Philippines,dgibsone,9N8YtSY3T,191.114.123.147
Cheryl,Carpenter,ccarpenterf@ustream.tv,Syria,ccarpenterf,ZtfdklL6cq9,149.168.177.156
Justin,Mitchell,jmitchellg@ameblo.jp,Poland,jmitchellg,pG8EFU,78.52.209.41
Ruby,Morgan,rmorganh@nhs.uk,Peru,rmorganh,nNTKZCK5IfH,111.250.85.52
Kathy,Murray,kmurrayi@xing.com,Portugal,kmurrayi,H9JQNqD5bf,61.74.132.228
Susan,Hawkins,shawkinsj@tinypic.com,Philippines,shawkinsj,edp1yfBGm,144.165.67.214
Linda,Jordan,ljordank@reddit.com,Portugal,ljordank,ghXm2dBWK,104.24.99.20
Terry,Davis,tdavisl@google.com,Philippines,tdavisl,pLGyNC,68.116.166.200
Charles,Morgan,cmorganm@spiegel.de,Czech Republic,cmorganm,IhjheIGY,146.80.129.223
Julia,Rodriguez,jrodriguezn@dot.gov,Sweden,jrodriguezn,R758uRT,96.89.242.13
Alan,Freeman,afreemano@admin.ch,Japan,afreemano,YPHPIppmQ5t,249.67.219.89
Norma,Brown,nbrownp@economist.com,Sweden,nbrownp,QslcsyBrl,179.224.239.207
Louis,Dean,ldeanq@gizmodo.com,Russia,ldeanq,7js20Wwe9,72.238.46.75
Benjamin,Long,blongr@diigo.com,Philippines,blongr,9qtJHWPRNl,175.222.223.17
Justin,Roberts,jrobertss@instagram.com,Indonesia,jrobertss,2OsiNGJcof,158.226.12.65
Jerry,Franklin,jfranklint@amazon.co.jp,Tanzania,jfranklint,zTKFj9q,87.240.228.174
Arthur,Wallace,awallaceu@163.com,China,awallaceu,FJO1qJxb,109.3.171.208
Jacqueline,Edwards,jedwardsv@umich.edu,Russia,jedwardsv,NUGEgCwinxW,96.45.147.69
Henry,Hall,hhallw@godaddy.com,Indonesia,hhallw,HsoTSLGRd,242.30.236.92
Nicholas,Anderson,nandersonx@plala.or.jp,Russia,nandersonx,AhDgPamt,91.218.241.119
Andrea,Wright,awrighty@unc.edu,China,awrighty,bERvg0SqdO,137.71.177.0
Craig,Payne,cpaynez@cmu.edu,China,cpaynez,XiYDBk54Tuj,208.192.102.187
Carlos,Elliott,celliott10@sina.com.cn,Indonesia,celliott10,p7JdnmfM,209.165.8.51
Todd,Crawford,tcrawford11@spiegel.de,China,tcrawford11,VGROKp0BeMCe,239.161.180.246
Rebecca,Alexander,ralexander12@mapquest.com,Kazakhstan,ralexander12,hHXSvtxr7h,54.83.11.123
Justin,Gardner,jgardner13@ask.com,China,jgardner13,xkjpuNCVWL,242.203.129.2
Brenda,Warren,bwarren14@wikia.com,China,bwarren14,hsnEfMsAjhA,97.66.160.24
Gerald,Ellis,gellis15@wix.com,Thailand,gellis15,jiu4VlK,19.101.179.47
Mildred,Oliver,moliver16@bandcamp.com,Ukraine,moliver16,jiwa5oxI41e,192.23.191.252
Louis,Mason,lmason17@mysql.com,China,lmason17,fvHXWJb,235.11.190.43
Janet,Ramirez,jramirez18@globo.com,Russia,jramirez18,YN7bfkB88K,18.9.229.207
Henry,Crawford,hcrawford19@dailymotion.com,China,hcrawford19,u3InUoz,27.218.204.47
Judith,Ward,jward1a@washington.edu,Russia,jward1a,XyANMtD,175.152.237.166
Timothy,Campbell,tcampbell1b@cmu.edu,China,tcampbell1b,vBqNdGPHij,8.210.138.86
Ann,Little,alittle1c@cbsnews.com,Peru,alittle1c,bWgjvEMX4,20.207.107.126
Gerald,Anderson,ganderson1d@sohu.com,Nepal,ganderson1d,mqevA5JN,30.106.89.25
Richard,Hernandez,rhernandez1e@chicagotribune.com,Czech Republic,rhernandez1e,jxJgUg65,197.54.160.190
Joe,Perry,jperry1f@nifty.com,North Korea,jperry1f,n6yCI1dRc3Z,82.185.118.163
Sharon,West,swest1g@geocities.com,Russia,swest1g,ifWdHzxHXxIK,50.168.255.73
Phyllis,Arnold,parnold1h@weather.com,Thailand,parnold1h,cCZOLJQEcysg,251.221.142.97
Virginia,Smith,vsmith1i@wsj.com,Indonesia,vsmith1i,PPlEcn,0.50.239.71
Emily,Bailey,ebailey1j@biblegateway.com,United States,ebailey1j,vVWMZDxMDL0l,31.239.132.159
Diane,Garcia,dgarcia1k@netscape.com,Argentina,dgarcia1k,kZJHdB,195.160.134.253
Christopher,Kelly,ckelly1l@istockphoto.com,China,ckelly1l,AoqhqkmC4,163.136.115.13
James,Carpenter,jcarpenter1m@mediafire.com,Indonesia,jcarpenter1m,XpiYydFbu,33.233.179.187
Craig,Richardson,crichardson1n@people.com.cn,China,crichardson1n,LUzVRDugTR,126.172.164.49
Margaret,Murphy,mmurphy1o@liveinternet.ru,Indonesia,mmurphy1o,whEsmv0,116.76.207.57
Terry,Ferguson,tferguson1p@woothemes.com,Indonesia,tferguson1p,qo2rn1,238.164.120.161
Jimmy,Rose,jrose1q@weebly.com,Tanzania,jrose1q,qIfXKgqmHW,71.43.46.37
Jane,Ford,jford1r@rediff.com,Germany,jford1r,VyZMBc,214.9.58.34
Julia,Andrews,jandrews1s@tamu.edu,Indonesia,jandrews1s,U4sU9M,204.10.203.243
Dennis,Armstrong,darmstrong1t@salon.com,Israel,darmstrong1t,KVBzcJCE622,234.120.187.216
Douglas,Butler,dbutler1u@webnode.com,Russia,dbutler1u,DmspbKZ9lnV,194.121.117.28
Dorothy,Perkins,dperkins1v@npr.org,Philippines,dperkins1v,BqykKolTtfO7,229.53.252.196
Carolyn,Garcia,cgarcia1w@msn.com,Indonesia,cgarcia1w,bGuq81dhwheh,48.246.192.100
Jack,Morris,jmorris1x@twitpic.com,Bosnia and Herzegovina,jmorris1x,HFXTQG,118.104.90.179
Donald,Richards,drichards1y@buzzfeed.com,China,drichards1y,51GVFJaI,171.182.58.210
Julie,Jones,jjones1z@salon.com,Indonesia,jjones1z,0sKHcq6K,24.135.109.25
Mildred,Burns,mburns20@netvibes.com,Russia,mburns20,JZk2krE,213.75.54.33
Wayne,Schmidt,wschmidt21@marketwatch.com,Poland,wschmidt21,u9YultHhe,152.69.43.218
Daniel,Hill,dhill22@epa.gov,Colombia,dhill22,N7IIEn,194.91.253.0
Catherine,Bailey,cbailey23@prlog.org,China,cbailey23,boqtjrl,33.83.33.97
Sara,Harper,sharper24@eventbrite.com,Bangladesh,sharper24,hhPy7lbtM,161.88.176.225
Juan,Thompson,jthompson25@google.cn,Philippines,jthompson25,3nmaEnk,127.126.31.211
Lawrence,Clark,lclark26@ifeng.com,El Salvador,lclark26,REEXnte6,174.216.194.229
Irene,Ellis,iellis27@uol.com.br,North Korea,iellis27,tSHvxca3LYN,11.80.125.179
Craig,Sanchez,csanchez28@squarespace.com,Indonesia,csanchez28,08Gri8Rz,145.162.238.108
Clarence,Woods,cwoods29@washingtonpost.com,Palestinian Territory,cwoods29,9GSt4PB5CQ,35.2.233.194
Daniel,Hudson,dhudson2a@columbia.edu,Togo,dhudson2a,A0Z37XLS,41.59.126.157
James,Evans,jevans2b@myspace.com,Indonesia,jevans2b,eSe2rUZK,180.189.251.249
David,Sullivan,dsullivan2c@nbcnews.com,Indonesia,dsullivan2c,qzkPhwS,182.101.19.249
Shirley,Kelly,skelly2d@sohu.com,Cameroon,skelly2d,D6Jl4EKuY,70.229.241.130
Mildred,Scott,mscott2e@blog.com,Philippines,mscott2e,doUkJW,234.33.239.228
Antonio,Robertson,arobertson2f@mashable.com,Mongolia,arobertson2f,OY2Dwv7lMH,56.56.186.184
Christina,Alexander,calexander2g@jalbum.net,Ukraine,calexander2g,fZOsKRA5u,22.196.67.230
Frances,Garrett,fgarrett2h@japanpost.jp,Indonesia,fgarrett2h,D4DluUs,94.26.56.127
Marilyn,Matthews,mmatthews2i@yahoo.co.jp,Ecuador,mmatthews2i,uMi7MmH,153.104.177.217
Elizabeth,Webb,ewebb2j@lycos.com,Poland,ewebb2j,CAeZtPLp,141.158.236.109
Raymond,Fowler,rfowler2k@qq.com,Greece,rfowler2k,cE4LskIaUW,221.8.239.231
Johnny,Robertson,jrobertson2l@sciencedirect.com,Kyrgyzstan,jrobertson2l,EfIO1x7gQ,114.81.170.36
Bonnie,Peterson,bpeterson2m@sourceforge.net,Japan,bpeterson2m,WNpZ02X,50.2.6.41
Henry,Banks,hbanks2n@goodreads.com,Poland,hbanks2n,WL6AuxX74DK,63.164.64.250
George,Black,gblack2o@oracle.com,Russia,gblack2o,LZe41SuC,15.238.62.103
Michael,Stevens,mstevens2p@youtu.be,Indonesia,mstevens2p,cJps4Zj2Uu,125.214.39.216
Michelle,Burton,mburton2q@skyrock.com,Indonesia,mburton2q,WA2UQG3s,130.166.114.54
Judy,Wood,jwood2r@cdc.gov,Venezuela,jwood2r,EIQ3P7,231.224.255.206
Patrick,Taylor,ptaylor2s@hugedomains.com,Philippines,ptaylor2s,Oq1WJPt6,134.145.151.71
Judith,Castillo,jcastillo2t@yellowpages.com,China,jcastillo2t,XNuNTMtte,189.40.26.244
Roy,Fowler,rfowler2u@about.com,Philippines,rfowler2u,a8Tg6LWZr,126.201.17.138
Chris,Ellis,cellis2v@tripod.com,El Salvador,cellis2v,qQ9984KxOBsm,122.231.77.180
William,Boyd,wboyd2w@furl.net,Sierra Leone,wboyd2w,8vsgHnO,69.189.51.243
Wayne,Sims,wsims2x@deliciousdays.com,Indonesia,wsims2x,P9If3gbNH,30.183.250.67
Benjamin,Burton,bburton2y@yahoo.co.jp,France,bburton2y,HAbU17FI,50.72.23.35
Elizabeth,Johnston,ejohnston2z@sun.com,China,ejohnston2z,DsMo5lLOinqx,59.75.216.224
Carlos,Allen,callen30@360.cn,United Kingdom,callen30,UNGgvnl,220.227.96.145
Ruby,Hanson,rhanson31@sbwire.com,Ukraine,rhanson31,7scuJyzMp,21.143.127.29
Chris,Garrett,cgarrett32@columbia.edu,Portugal,cgarrett32,tgqNOrd0,45.211.113.99
Lori,Sims,lsims33@ycombinator.com,Poland,lsims33,kmErZ51HjIfh,185.5.251.157
Justin,Dean,jdean34@hud.gov,Poland,jdean34,LyXyVY,197.64.145.33
Frances,Lee,flee35@loc.gov,Ireland,flee35,ZXlCVb5N,245.227.226.110
Theresa,Peterson,tpeterson36@howstuffworks.com,Uganda,tpeterson36,qlMQNNB,90.128.229.240
Walter,Owens,wowens37@whitehouse.gov,France,wowens37,0aWp6ZmTeq,200.223.196.236
James,Hanson,jhanson38@statcounter.com,Portugal,jhanson38,c5odsQt,18.155.237.165
Willie,Barnes,wbarnes39@time.com,China,wbarnes39,SfzItbUeAvq,215.197.242.83
Lois,Stevens,lstevens3a@list-manage.com,Panama,lstevens3a,v3BhcVG7xW,204.102.192.55
Denise,Gray,dgray3b@tiny.cc,China,dgray3b,euxt8vs,207.153.155.60
Tina,Chapman,tchapman3c@hibu.com,Czech Republic,tchapman3c,S83CPjb,46.128.167.13
Sandra,Lane,slane3d@umn.edu,China,slane3d,F9tsKbyzJ,48.110.71.58
Annie,Welch,awelch3e@unicef.org,Philippines,awelch3e,UxAgKl3,17.154.55.15
Steven,Mccoy,smccoy3f@mashable.com,Bolivia,smccoy3f,5rpuKIEac,232.88.34.83
Eric,Scott,escott3g@multiply.com,North Korea,escott3g,Ko5wCjA5sjhi,203.230.234.41
David,Frazier,dfrazier3h@google.nl,Sweden,dfrazier3h,ifnfIYtavLf,156.204.56.95
Jerry,Fuller,jfuller3i@artisteer.com,Czech Republic,jfuller3i,Xraz7L,202.174.140.10
Benjamin,Cook,bcook3j@amazon.de,Czech Republic,bcook3j,KUqZTNqatHK,40.204.122.97
Christine,Warren,cwarren3k@phpbb.com,Finland,cwarren3k,79ufmyuAh5q,47.147.83.29
Virginia,Bishop,vbishop3l@ning.com,United States,vbishop3l,USlu41ho73b,54.11.48.146
Earl,Alvarez,ealvarez3m@yellowbook.com,Brazil,ealvarez3m,Osj185Q2OS,30.105.7.189
Heather,Alvarez,halvarez3n@timesonline.co.uk,Honduras,halvarez3n,9RMEdI7qc,200.29.15.219
Roy,James,rjames3o@multiply.com,Myanmar,rjames3o,vmXC9mhe,171.211.242.33
Andrea,Reid,areid3p@yellowbook.com,Ukraine,areid3p,Qmq7tIhSJ,8.118.198.12
Ruth,Banks,rbanks3q@omniture.com,China,rbanks3q,jFq8k01,220.152.240.216
Stephanie,Stevens,sstevens3r@addtoany.com,Indonesia,sstevens3r,D7tAIsRYv4hr,174.239.168.42
Clarence,Ruiz,cruiz3s@businessinsider.com,China,cruiz3s,CCN7FXqyLpYV,32.87.66.155
Sean,Schmidt,sschmidt3t@salon.com,Pakistan,sschmidt3t,IBMmuJUFWH,96.194.42.101
Shirley,Bradley,sbradley3u@imdb.com,Indonesia,sbradley3u,pTKtQfH,180.155.196.226
Michael,Green,mgreen3v@blogtalkradio.com,Indonesia,mgreen3v,f0hGx6,170.121.165.219
Sandra,Hughes,shughes3w@dot.gov,Argentina,shughes3w,nuiNhs,107.60.231.186
Nicole,Sullivan,nsullivan3x@joomla.org,Kazakhstan,nsullivan3x,l1q3yfE6kcv,98.102.127.2
Linda,Phillips,lphillips3y@aol.com,New Zealand,lphillips3y,4LGUfM9mkBD,2.143.67.136
Paula,Fields,pfields3z@ihg.com,Russia,pfields3z,GD1Dw68Gd,202.139.252.125
Elizabeth,Scott,escott40@sciencedirect.com,Indonesia,escott40,zOIIG7PHI,80.13.111.102
Chris,Williams,cwilliams41@dailymail.co.uk,Sweden,cwilliams41,xb8GtUa62o,28.197.31.94
Robin,Marshall,rmarshall42@boston.com,Japan,rmarshall42,bFr2DIz,209.150.180.180
Anne,Wheeler,awheeler43@answers.com,United States,awheeler43,tJpHxF0YU,191.233.170.163
Carl,Frazier,cfrazier44@yahoo.com,Indonesia,cfrazier44,UkT29CjM74,138.143.159.192
Bonnie,Gutierrez,bgutierrez45@nyu.edu,Japan,bgutierrez45,DsT8LH,187.150.143.76
Robert,Bailey,rbailey46@usatoday.com,China,rbailey46,svxS7FfF5uy,159.158.161.80
Sharon,Kennedy,skennedy47@blogspot.com,Philippines,skennedy47,SVdZAf,170.132.53.4
Joseph,Kennedy,jkennedy48@cornell.edu,Philippines,jkennedy48,bQwp84B5adLd,102.63.61.13
Stephen,Brooks,sbrooks49@hhs.gov,China,sbrooks49,4db95qA,193.100.34.0
Sarah,Thompson,sthompson4a@theglobeandmail.com,China,sthompson4a,ItdLQOY33s,82.245.205.33
Rebecca,Kennedy,rkennedy4b@dagondesign.com,Cambodia,rkennedy4b,ol0kPFug9n,162.162.9.125
Ashley,Dean,adean4c@state.gov,Indonesia,adean4c,tjyGMRs7K,111.91.235.183
Gloria,Ward,gward4d@nih.gov,Indonesia,gward4d,YTcOCkDsok,89.132.151.134
Emily,Jacobs,ejacobs4e@businessinsider.com,Russia,ejacobs4e,ccng7v,166.88.69.97
Carol,Ward,cward4f@home.pl,Indonesia,cward4f,uMliM0y7ae,85.65.10.118
Benjamin,Carpenter,bcarpenter4g@forbes.com,Albania,bcarpenter4g,NYQuDyKCq,6.176.37.9
Maria,Jones,mjones4h@livejournal.com,Japan,mjones4h,Czcpauo7tf,61.196.104.197
Louise,Wagner,lwagner4i@cnbc.com,Philippines,lwagner4i,QV7FLr,163.106.246.22
Andrew,Jenkins,ajenkins4j@alexa.com,Indonesia,ajenkins4j,CyvsCPLncm2V,91.100.10.20
Philip,Scott,pscott4k@google.ca,China,pscott4k,fVL4UTDof,102.210.83.227
Brandon,Wright,bwright4l@nbcnews.com,Japan,bwright4l,LsFJuEDT8i,174.28.142.122
Deborah,Rose,drose4m@nytimes.com,Micronesia,drose4m,FsuiJmD,154.39.252.164
Marie,Wagner,mwagner4n@last.fm,China,mwagner4n,0bHnndKCDQvk,145.3.30.5
Philip,Alexander,palexander4o@bloglines.com,Philippines,palexander4o,o3TnaY4,142.243.37.113
John,Richardson,jrichardson4p@whitehouse.gov,Indonesia,jrichardson4p,1iZYAUFHIO,42.10.110.111
Sean,Andrews,sandrews4q@nih.gov,Sweden,sandrews4q,GcsdRW,8.101.137.245
Brian,Murphy,bmurphy4r@google.com.hk,China,bmurphy4r,Z6YVoQBxrcY,244.160.245.250
Sharon,Pierce,spierce4s@dion.ne.jp,Philippines,spierce4s,oixIn3O5n2A,64.123.79.159
Mark,Bishop,mbishop4t@mashable.com,Palestinian Territory,mbishop4t,OzGhjK,25.4.214.220
Nicholas,Gutierrez,ngutierrez4u@soundcloud.com,Canada,ngutierrez4u,9F1h0Nqjamd,110.229.180.28
Andrea,Cruz,acruz4v@oakley.com,United States,acruz4v,EwuhVVfJpI,34.16.113.32
Daniel,Welch,dwelch4w@miibeian.gov.cn,Philippines,dwelch4w,0hpvR5Kk,246.58.104.184
Cheryl,Johnston,cjohnston4x@paypal.com,China,cjohnston4x,tl0AD7,68.107.213.184
Katherine,Hart,khart4y@fastcompany.com,New Caledonia,khart4y,VzHjALrlDW,160.15.178.167
Chris,Thompson,cthompson4z@bbb.org,China,cthompson4z,iuIDQP,217.45.173.67
Gregory,Ray,gray50@uol.com.br,Vietnam,gray50,SoE64Gd,237.216.141.72
Joshua,Williamson,jwilliamson51@census.gov,Sweden,jwilliamson51,hUEut7,36.162.46.194
Ernest,Snyder,esnyder52@mlb.com,Portugal,esnyder52,sGeu8DN,217.64.150.123
Peter,Wallace,pwallace53@domainmarket.com,Philippines,pwallace53,S2gKwT,2.15.232.87
Stephen,Woods,swoods54@opensource.org,Finland,swoods54,pGV9TFHw4,81.32.80.213
Timothy,Coleman,tcoleman55@de.vu,China,tcoleman55,GuTKCBzKdK,243.187.144.195
Cynthia,Rose,crose56@desdev.cn,Argentina,crose56,yttZP8,12.178.60.13
Timothy,Morales,tmorales57@biglobe.ne.jp,Nigeria,tmorales57,x6UJCr,237.196.121.247
Nicole,Ruiz,nruiz58@vk.com,Philippines,nruiz58,LZpPDYb,183.91.36.27
Marie,Kelley,mkelley59@biglobe.ne.jp,Indonesia,mkelley59,1duRHmlSawr,208.45.80.214
Edward,Stone,estone5a@uol.com.br,Egypt,estone5a,gTRGi0,228.130.88.215
Edward,Perry,eperry5b@kickstarter.com,Bolivia,eperry5b,Ogo8j06x2,143.74.181.160
Paul,Franklin,pfranklin5c@telegraph.co.uk,Russia,pfranklin5c,gXfy2MndXoW,254.47.227.74
Ernest,Harris,eharris5d@posterous.com,Sweden,eharris5d,pJDUwVr,94.124.254.151
Matthew,Green,mgreen5e@qq.com,Russia,mgreen5e,NEvLq5BqwZQ,71.151.89.180
Shirley,James,sjames5f@t-online.de,Philippines,sjames5f,y4afOfV5F,225.46.57.77
Bonnie,Owens,bowens5g@washingtonpost.com,Brazil,bowens5g,fW1z6aZH4YZ,107.122.82.12
Louise,Austin,laustin5h@gmpg.org,China,laustin5h,XjqxdlOXI09J,81.26.116.200
Jennifer,Thomas,jthomas5i@csmonitor.com,Mexico,jthomas5i,i2IpjU1Lfr,250.216.70.28
Katherine,Butler,kbutler5j@bloomberg.com,China,kbutler5j,zHi6be4U,31.40.125.185
Sharon,Stone,sstone5k@whitehouse.gov,China,sstone5k,CLzK6Hci,197.244.140.250
Donna,Reyes,dreyes5l@amazon.co.jp,Sweden,dreyes5l,jGFk81eiGm,135.185.164.86
Mary,Elliott,melliott5m@hud.gov,Russia,melliott5m,IEH43z,56.101.224.187
Tammy,Hamilton,thamilton5n@china.com.cn,China,thamilton5n,8ONQ7Sz,90.228.121.204
Randy,Cunningham,rcunningham5o@europa.eu,Finland,rcunningham5o,ku10OtbUSCiC,93.24.67.152
Janet,Crawford,jcrawford5p@newyorker.com,Morocco,jcrawford5p,RkgPHm,109.15.77.117
Russell,Barnes,rbarnes5q@unicef.org,Spain,rbarnes5q,M1plED,188.83.147.216
Kathleen,Coleman,kcoleman5r@state.gov,Philippines,kcoleman5r,Qp0SsO3I,169.154.65.59
Jimmy,Gutierrez,jgutierrez5s@google.pl,United States,jgutierrez5s,JoVmihj8kNFQ,2.178.161.124
Chris,Coleman,ccoleman5t@infoseek.co.jp,Indonesia,ccoleman5t,Mh3WQ2kKw,211.78.49.194
Benjamin,Lewis,blewis5u@canalblog.com,Colombia,blewis5u,N8XQRcGeM,140.67.89.73
Brandon,Nelson,bnelson5v@t.co,Togo,bnelson5v,a6HLvsiWN1T1,16.47.44.186
Michael,Vasquez,mvasquez5w@ustream.tv,Philippines,mvasquez5w,dxaQsxU,134.139.67.58
Victor,Phillips,vphillips5x@smh.com.au,Japan,vphillips5x,1qz4kTHTYbfE,32.63.4.146
Jimmy,Burke,jburke5y@myspace.com,China,jburke5y,F84xBwQ,179.172.43.85
Annie,Montgomery,amontgomery5z@mit.edu,Indonesia,amontgomery5z,BVhjRkik,25.15.30.91
Shawn,Cole,scole60@ed.gov,Indonesia,scole60,ax5LwomH,218.170.0.71
Carlos,Cox,ccox61@tamu.edu,Philippines,ccox61,yf6l1Z3oJ8,204.91.166.116
Victor,Medina,vmedina62@uol.com.br,Portugal,vmedina62,jqsuX2pA4bu7,0.71.148.92
Dorothy,Miller,dmiller63@ezinearticles.com,Indonesia,dmiller63,VxuAiBL,158.57.216.188
Ronald,Kelly,rkelly64@quantcast.com,China,rkelly64,xUk3NhQ,211.47.243.241
Frances,Phillips,fphillips65@ca.gov,Malta,fphillips65,MM6LPkrNXVtw,142.185.5.217
Ruth,Long,rlong66@deviantart.com,Indonesia,rlong66,WC25ahuIjE3x,157.140.22.116
Nicole,Coleman,ncoleman67@hao123.com,South Korea,ncoleman67,DrJXQHhqh2AS,220.8.191.157
Melissa,Lawrence,mlawrence68@a8.net,Portugal,mlawrence68,1IAb8EEnK,3.27.65.11
Michelle,Alexander,malexander69@51.la,Brazil,malexander69,NqvK8kC,59.248.45.253
Edward,Turner,eturner6a@wsj.com,Indonesia,eturner6a,sxzEMh,196.196.152.38
Jean,Pierce,jpierce6b@51.la,France,jpierce6b,UMSJ0w42pzp,252.27.73.199
Dennis,Mendoza,dmendoza6c@harvard.edu,Peru,dmendoza6c,hV0QPfQ,21.254.12.249
Edward,Hart,ehart6d@cnn.com,Philippines,ehart6d,AJrLhNmic,157.129.67.155
Nicole,Hawkins,nhawkins6e@timesonline.co.uk,Philippines,nhawkins6e,VL6aAAr,15.15.184.130
Jesse,Daniels,jdaniels6f@alibaba.com,Brazil,jdaniels6f,DQiBgElJ,36.66.210.122
Martin,Gardner,mgardner6g@mozilla.com,China,mgardner6g,2WLsWfGP,42.99.18.41
Brandon,Garrett,bgarrett6h@irs.gov,Ukraine,bgarrett6h,YuTq54p9,203.17.47.211
Albert,Ortiz,aortiz6i@marketwatch.com,Philippines,aortiz6i,RYFP6STa,240.1.240.204
Thomas,Gardner,tgardner6j@a8.net,Colombia,tgardner6j,1C0GQF4RQ,158.79.126.112
Joshua,Ruiz,jruiz6k@rakuten.co.jp,Indonesia,jruiz6k,JYr0yU86M6Z,145.101.31.249
Martin,Castillo,mcastillo6l@independent.co.uk,China,mcastillo6l,pMPElLlC7ht,83.60.198.58
Elizabeth,White,ewhite6m@marriott.com,Indonesia,ewhite6m,NIYlsXVUgq,222.182.212.116
Catherine,Wright,cwright6n@mozilla.com,Uruguay,cwright6n,X0TFt91,141.130.204.97
Bruce,Castillo,bcastillo6o@topsy.com,Guatemala,bcastillo6o,lEl6r7tvT,150.213.216.214
Joyce,Montgomery,jmontgomery6p@ebay.co.uk,France,jmontgomery6p,nhcQZJoLFR,188.77.51.222
Stephanie,Miller,smiller6q@goodreads.com,France,smiller6q,NybHDQhbfvL,27.124.213.95
Stephanie,Mitchell,smitchell6r@loc.gov,Greece,smitchell6r,1c1bDQlKs3C,13.82.106.235
Beverly,Oliver,boliver6s@ucla.edu,Ukraine,boliver6s,VFzLccEw,47.183.140.113
Anne,Lawrence,alawrence6t@fastcompany.com,Sri Lanka,alawrence6t,06Or8dNDZj2h,192.179.128.224
Lillian,Washington,lwashington6u@bing.com,Tanzania,lwashington6u,nbG5zyzOm,45.196.113.20
Craig,Smith,csmith6v@biglobe.ne.jp,Philippines,csmith6v,Ldn9tI,248.182.238.88
Susan,Barnes,sbarnes6w@wikia.com,China,sbarnes6w,UfOZ3v3I3xUI,25.14.142.34
Samuel,Kennedy,skennedy6x@rediff.com,Sweden,skennedy6x,xTGiW8T,60.173.68.55
Philip,Wood,pwood6y@smh.com.au,Philippines,pwood6y,opsIeF8uaowE,6.176.3.70
Donald,Fowler,dfowler6z@digg.com,France,dfowler6z,6T61FT,55.163.226.74
Cynthia,Howard,choward70@ihg.com,Canada,choward70,xVpp2H,166.231.146.202
Christopher,Washington,cwashington71@shareasale.com,Indonesia,cwashington71,fJ3SgqNG,95.242.110.214
Anna,Fox,afox72@amazon.com,Russia,afox72,VtKoHq4,0.83.14.62
Theresa,Banks,tbanks73@1und1.de,Japan,tbanks73,3oy62Yw85Ajq,73.44.178.70
Heather,George,hgeorge74@deviantart.com,Russia,hgeorge74,y0fVw2,56.203.85.178
Phyllis,Hunt,phunt75@home.pl,Russia,phunt75,o6RuoQ5Llw,109.204.124.255
Eric,Burton,eburton76@businessweek.com,Sweden,eburton76,VogMDZ,56.113.255.53
Elizabeth,Baker,ebaker77@wp.com,Nigeria,ebaker77,5PShGutYA,102.186.220.207
Antonio,Wallace,awallace78@mtv.com,Portugal,awallace78,aQVpva0qAGJ,181.144.150.76
Michelle,Mendoza,mmendoza79@godaddy.com,Ukraine,mmendoza79,f6PPAh,217.52.119.145
Marilyn,Little,mlittle7a@sina.com.cn,Liechtenstein,mlittle7a,m6UZIXLMYJ,177.114.36.135
Martha,Martinez,mmartinez7b@eventbrite.com,China,mmartinez7b,jgp8dEw,164.150.190.230
Benjamin,Ortiz,bortiz7c@stumbleupon.com,Portugal,bortiz7c,pDJZct,123.183.172.156
Sara,Carpenter,scarpenter7d@opensource.org,Nigeria,scarpenter7d,YZWil0q1,193.227.114.126
Harold,Gordon,hgordon7e@illinois.edu,Philippines,hgordon7e,7LYL3nuViwh,110.217.183.109
David,Garza,dgarza7f@is.gd,China,dgarza7f,freR4F4e4b0M,52.161.153.40
Elizabeth,Flores,eflores7g@ebay.co.uk,Albania,eflores7g,e0MyI7,66.73.175.7
Michael,Lewis,mlewis7h@cbc.ca,Argentina,mlewis7h,nJ6FH1,2.33.49.183
Bonnie,Fields,bfields7i@4shared.com,Argentina,bfields7i,4nqLgn,113.46.204.158
Annie,Wheeler,awheeler7j@domainmarket.com,Portugal,awheeler7j,M4U9gLi,217.158.136.172
David,Adams,dadams7k@opensource.org,Syria,dadams7k,l8ozylnO,92.54.59.28
Christina,Ford,cford7l@acquirethisname.com,Cameroon,cford7l,sDzODA,246.248.244.61
Beverly,Hamilton,bhamilton7m@homestead.com,France,bhamilton7m,UUR2dI5F0,129.105.90.87
Joan,Robinson,jrobinson7n@stumbleupon.com,Portugal,jrobinson7n,7MCoG4T10,118.164.171.66
Janet,Davis,jdavis7o@gnu.org,Russia,jdavis7o,WTXYGrT,15.104.254.126
Jane,Hunt,jhunt7p@bloglovin.com,Ireland,jhunt7p,X82ovts3854,137.65.40.175
Richard,Burns,rburns7q@creativecommons.org,United States,rburns7q,t5c7YpX,162.210.30.220
Julia,Tucker,jtucker7r@wunderground.com,Indonesia,jtucker7r,m32Vk6H5ry4,229.89.160.157
Brian,Lewis,blewis7s@admin.ch,Russia,blewis7s,KqlRQ0z,184.68.88.104
Melissa,Franklin,mfranklin7t@newyorker.com,Finland,mfranklin7t,aKuFM6,73.149.47.67
Angela,Gordon,agordon7u@com.com,Japan,agordon7u,gUlvPW,85.117.29.243
Lisa,Snyder,lsnyder7v@miibeian.gov.cn,Russia,lsnyder7v,0k55RiIpax7,23.160.123.64
Sandra,Phillips,sphillips7w@ca.gov,Brazil,sphillips7w,qm8hVeq5pv,190.66.237.65
Jason,Lewis,jlewis7x@springer.com,Belarus,jlewis7x,N3pZD7JyC,1.50.168.49
Ann,Lee,alee7y@state.gov,Sweden,alee7y,Clj7i5Amxq,101.86.169.22
Richard,Griffin,rgriffin7z@example.com,Portugal,rgriffin7z,PZnl1m,130.144.94.80
Marilyn,Graham,mgraham80@eepurl.com,Libya,mgraham80,QEryC6Z8M,205.232.172.236
Roger,Davis,rdavis81@accuweather.com,Indonesia,rdavis81,cjzNr3UZ,66.232.11.105
Marilyn,Dunn,mdunn82@toplist.cz,Morocco,mdunn82,bcpSMDKR3,25.104.10.16
Terry,Torres,ttorres83@adobe.com,China,ttorres83,J8Teena,246.143.255.29
Betty,Stanley,bstanley84@wufoo.com,Macedonia,bstanley84,qNtLpBszsvJ,71.100.4.250
Kenneth,Barnes,kbarnes85@1688.com,Sweden,kbarnes85,taCTESK,211.152.251.7
Roy,Arnold,rarnold86@umich.edu,Greece,rarnold86,1BAeWiEiZA,164.236.27.102
Annie,Ramos,aramos87@marketwatch.com,United States,aramos87,sy3QmR6cMfi6,219.254.62.212
Thomas,Knight,tknight88@bbb.org,Sweden,tknight88,hXjsypID7,123.66.201.65
Howard,Cooper,hcooper89@123-reg.co.uk,Sweden,hcooper89,pc45C8j,6.142.146.213
Matthew,Anderson,manderson8a@hugedomains.com,Ukraine,manderson8a,iVHQWn4,37.159.87.126
Gary,Black,gblack8b@rambler.ru,China,gblack8b,wCniqT,9.92.155.252
Gregory,Lopez,glopez8c@sitemeter.com,Brazil,glopez8c,GwIB9n7pGa,33.152.127.116
Irene,Morales,imorales8d@usgs.gov,Russia,imorales8d,VQqrZq,226.24.92.213
Catherine,Russell,crussell8e@npr.org,Bahrain,crussell8e,vYPk8afpoSa,49.216.234.96
Carolyn,Scott,cscott8f@tinypic.com,China,cscott8f,SvHJe1vO3g,235.94.13.35
Judith,Bennett,jbennett8g@earthlink.net,Indonesia,jbennett8g,ScdZhVGre,140.243.26.152
Aaron,Edwards,aedwards8h@vkontakte.ru,Philippines,aedwards8h,qaF2StBT7,139.206.53.254
Eugene,Medina,emedina8i@wired.com,Chile,emedina8i,jOsK0BKr,148.100.210.233
Patrick,Bennett,pbennett8j@youtube.com,Poland,pbennett8j,yXqlbP,169.251.127.205
Debra,Boyd,dboyd8k@ibm.com,Argentina,dboyd8k,GeATJjDqT,44.164.136.201
Albert,Perkins,aperkins8l@npr.org,Nigeria,aperkins8l,dAaFXu,189.245.181.89
Ernest,Freeman,efreeman8m@freewebs.com,Philippines,efreeman8m,rbIpMVkwnCs,73.238.238.198
Steve,Scott,sscott8n@list-manage.com,Canada,sscott8n,cbDdEDhecDZ,101.102.125.149
Lillian,Johnson,ljohnson8o@people.com.cn,Indonesia,ljohnson8o,HQCCKHS02,236.54.90.221
Albert,Burton,aburton8p@virginia.edu,Philippines,aburton8p,NzNuTrF,119.93.144.225
Carolyn,Williams,cwilliams8q@nymag.com,China,cwilliams8q,B4IUuUkpUUko,168.78.214.252
Ryan,Ryan,rryan8r@state.gov,Serbia,rryan8r,bGrIUZkNf,212.24.163.131
Frank,Chapman,fchapman8s@vimeo.com,Indonesia,fchapman8s,Q2ROiK,165.243.109.130
Michael,Carter,mcarter8t@mapquest.com,Serbia,mcarter8t,4DtrSs5wlMi,98.239.235.143
Rebecca,Hill,rhill8u@msu.edu,Ukraine,rhill8u,SDXGf4,139.121.111.158
Shawn,Wheeler,swheeler8v@umn.edu,Indonesia,swheeler8v,Tw64Qz4kQHS,57.255.12.159
Kathryn,Rivera,krivera8w@webeden.co.uk,Indonesia,krivera8w,UFN1Yh7e,108.235.173.85
Matthew,Henry,mhenry8x@shinystat.com,China,mhenry8x,bp0sPg,95.253.16.241
Michael,Hansen,mhansen8y@admin.ch,China,mhansen8y,8ShfV54,141.94.127.16
Chris,Smith,csmith8z@imgur.com,Portugal,csmith8z,Z0TNgPFq2,116.31.110.210
Christina,Williams,cwilliams90@google.nl,Bulgaria,cwilliams90,3jdb9hk1eXw4,79.158.163.23
Kevin,White,kwhite91@army.mil,Poland,kwhite91,b0zTWPlL,21.159.38.79
Andrea,Reed,areed92@bing.com,China,areed92,nJwYx8p,29.213.56.78
Roy,Moore,rmoore93@lulu.com,France,rmoore93,cnXFGmIVP,15.158.23.78
Philip,Wallace,pwallace94@altervista.org,Thailand,pwallace94,awmgjnsJVVGY,231.169.122.183
Russell,Perry,rperry95@furl.net,Portugal,rperry95,kDDpJcdP,216.94.203.17
Gerald,Watson,gwatson96@kickstarter.com,China,gwatson96,xwkjIx6O,184.251.206.132
Bobby,Elliott,belliott97@cocolog-nifty.com,Albania,belliott97,A3LYSy,228.64.44.40
Aaron,Moreno,amoreno98@nature.com,China,amoreno98,4YbP1D,49.236.120.4
Ernest,Ward,eward99@google.es,Philippines,eward99,2pSFpn,133.102.26.65
Alice,Miller,amiller9a@vkontakte.ru,Peru,amiller9a,NzGCNdwix,94.23.224.81
Cynthia,Hughes,chughes9b@discuz.net,Czech Republic,chughes9b,yZuqMP4vMP,134.164.13.20
Nancy,Sanders,nsanders9c@tinypic.com,Israel,nsanders9c,c0bWraFUUxZv,145.54.58.185
Howard,Smith,hsmith9d@gmpg.org,Vietnam,hsmith9d,GIe06E0DpsmR,185.227.210.95
Joan,Moore,jmoore9e@sfgate.com,China,jmoore9e,BKsLbd9H,151.225.219.46
Daniel,Rodriguez,drodriguez9f@exblog.jp,China,drodriguez9f,3OYBF0y,9.136.124.32
Benjamin,Watkins,bwatkins9g@mozilla.org,China,bwatkins9g,1Ns0uzEnrd,118.46.209.211
Henry,Griffin,hgriffin9h@deliciousdays.com,China,hgriffin9h,IkntIEqu5fr4,229.126.239.134
Angela,Schmidt,aschmidt9i@tmall.com,Sweden,aschmidt9i,PA3t0oRPgLK,181.158.15.188
Mary,Welch,mwelch9j@alibaba.com,China,mwelch9j,Pm6iUuB9,120.114.244.6
Donald,Kim,dkim9k@nydailynews.com,Russia,dkim9k,uO3hF4,68.43.121.130
David,Ramos,dramos9l@va.gov,Indonesia,dramos9l,ywVyQeK,165.226.131.19
Virginia,Elliott,velliott9m@home.pl,United States,velliott9m,VHw0IBY4wqE,186.248.161.195
Kathryn,Williams,kwilliams9n@reuters.com,Ukraine,kwilliams9n,zzmhJkL,66.8.79.101
Juan,Gardner,jgardner9o@columbia.edu,Indonesia,jgardner9o,R2FNSPA,94.108.97.139
Patricia,Austin,paustin9p@purevolume.com,Poland,paustin9p,UUOJb65q,50.236.111.220
Sandra,Hansen,shansen9q@wp.com,Yemen,shansen9q,8LquEXmcJ,171.84.1.13
Bobby,Andrews,bandrews9r@businessinsider.com,Sweden,bandrews9r,isDk3jrLG,232.46.70.191
Philip,Thompson,pthompson9s@deviantart.com,Finland,pthompson9s,2suc5tYu8ZA,4.151.73.232
Catherine,Ruiz,cruiz9t@whitehouse.gov,Senegal,cruiz9t,20TGp7h,153.145.61.21
Michael,Hart,mhart9u@usnews.com,Tanzania,mhart9u,af18VtKS,163.240.62.140
Lois,Fowler,lfowler9v@nydailynews.com,Russia,lfowler9v,lI4C2muaITE,167.45.6.107
Jeremy,Reynolds,jreynolds9w@linkedin.com,Tunisia,jreynolds9w,Zesn0sXCTG,160.12.105.164
Steven,Daniels,sdaniels9x@bandcamp.com,China,sdaniels9x,VlqVkX,213.82.243.150
Johnny,Kelley,jkelley9y@deviantart.com,Peru,jkelley9y,KXpEWYsI1,87.99.119.248
Roy,Ford,rford9z@skyrock.com,Albania,rford9z,6wWi18,171.253.235.65
Denise,Shaw,dshawa0@youtube.com,Brazil,dshawa0,Tf5sqeK,34.241.144.35
Arthur,Harper,aharpera1@berkeley.edu,Guatemala,aharpera1,rwVb1klq,232.61.43.191
Howard,Cox,hcoxa2@tumblr.com,Philippines,hcoxa2,udcLcf,42.130.239.215
Phyllis,Ramos,pramosa3@furl.net,Mexico,pramosa3,IqBvgsZvA,212.50.228.176
Joan,Fernandez,jfernandeza4@squidoo.com,Germany,jfernandeza4,TlphFMYBRIj,88.137.51.186
Albert,Reed,areeda5@vinaora.com,Nigeria,areeda5,FD1JuJ3hYgV,244.214.151.198
Diane,Nelson,dnelsona6@uiuc.edu,Spain,dnelsona6,3FunGX,229.122.181.56
Kathryn,Dean,kdeana7@dion.ne.jp,China,kdeana7,tn85Gscyf,135.58.249.242
Roy,Robinson,rrobinsona8@etsy.com,Tunisia,rrobinsona8,O1mkBqd9hk4,86.43.133.203
Kathleen,Day,kdaya9@sun.com,Hungary,kdaya9,r5flb1x,197.161.125.36
Judith,Richards,jrichardsaa@archive.org,Belarus,jrichardsaa,mXeMAOv6,151.68.252.104
Russell,Gibson,rgibsonab@bluehost.com,South Africa,rgibsonab,37EEe32V,148.235.208.117
Helen,Matthews,hmatthewsac@apple.com,Indonesia,hmatthewsac,bJAFhQ,201.145.58.237
Sharon,Hall,shallad@wired.com,Indonesia,shallad,qOj49cn4CJg,230.123.236.225
Laura,Brown,lbrownae@nyu.edu,Namibia,lbrownae,ZamjVqKyq,44.39.129.239
Carlos,Fisher,cfisheraf@dropbox.com,North Korea,cfisheraf,FZly5x3q,100.61.175.56
Sharon,Schmidt,sschmidtag@last.fm,Barbados,sschmidtag,en5bX9py,111.161.240.242
Janet,Alexander,jalexanderah@weebly.com,Tanzania,jalexanderah,SGWKzHYk506R,91.22.46.9
Betty,Torres,btorresai@myspace.com,Peru,btorresai,oAyjUe,68.7.206.192
Phillip,Johnston,pjohnstonaj@xrea.com,Indonesia,pjohnstonaj,wPAHFl,146.31.191.203
Judith,Gardner,jgardnerak@purevolume.com,Brazil,jgardnerak,NL6B8KEGB,122.202.123.128
Steven,Simpson,ssimpsonal@ucoz.com,Indonesia,ssimpsonal,Owq4RE,120.61.185.194
Carlos,Andrews,candrewsam@nymag.com,Morocco,candrewsam,pdnkLn4xgA52,155.113.101.218
Michael,Ortiz,mortizan@forbes.com,Ivory Coast,mortizan,eR042V,8.145.97.253
Gary,Murphy,gmurphyao@google.ru,China,gmurphyao,tfTG4lB,210.104.229.8
Paul,Edwards,pedwardsap@aol.com,China,pedwardsap,vVO02fAsrEMv,198.212.38.52
Wayne,Alvarez,walvarezaq@weebly.com,Trinidad and Tobago,walvarezaq,k3tMCZyG,63.203.190.190
Ronald,Simpson,rsimpsonar@yahoo.co.jp,Venezuela,rsimpsonar,qOYVugNb2,56.227.146.49
Carl,Carpenter,ccarpenteras@blogtalkradio.com,Philippines,ccarpenteras,IyEAVrhsG,154.97.190.189
Jennifer,Hanson,jhansonat@issuu.com,China,jhansonat,SCpj2d,97.203.147.121
Craig,Fuller,cfullerau@boston.com,Indonesia,cfullerau,6P3TzVHoNYS1,240.27.194.199
Ryan,Elliott,relliottav@cdc.gov,Argentina,relliottav,3uB0mzwf31z,3.117.213.117
Anna,Franklin,afranklinaw@nature.com,United States,afranklinaw,P3ANU4Yq9Nm,131.190.166.212
Christina,Simmons,csimmonsax@photobucket.com,China,csimmonsax,RFf7WhKPXN,210.80.42.60
Sharon,Clark,sclarkay@behance.net,Mongolia,sclarkay,7spmSLU,199.204.78.22
Debra,Ross,drossaz@cpanel.net,Guinea,drossaz,0gJdkv,19.76.90.109
Juan,Moore,jmooreb0@jalbum.net,China,jmooreb0,R0ZMoQCAEM,19.176.81.126
Deborah,Price,dpriceb1@discovery.com,Brazil,dpriceb1,7LoyL4,52.32.24.109
Clarence,Hunter,chunterb2@jigsy.com,Czech Republic,chunterb2,1qHEEw4,158.208.144.136
Amy,Burns,aburnsb3@netvibes.com,Portugal,aburnsb3,2qk3ae8Au,154.116.96.241
Pamela,Nelson,pnelsonb4@youku.com,Russia,pnelsonb4,DfgCgqWy,232.3.155.73
Brandon,Jacobs,bjacobsb5@histats.com,Bolivia,bjacobsb5,M6WnC6PeMI,171.253.23.162
Gary,Baker,gbakerb6@reuters.com,China,gbakerb6,Cl2yYspWQ,233.40.227.47
Phillip,Burton,pburtonb7@sun.com,Madagascar,pburtonb7,kNZ5mKgjSk,83.175.62.110
Jesse,Oliver,joliverb8@aboutads.info,Palestinian Territory,joliverb8,LONgDzoDJ,242.156.192.83
Stephanie,Simpson,ssimpsonb9@spotify.com,Russia,ssimpsonb9,0l2lH1g,211.179.160.81
Steve,Marshall,smarshallba@pagesperso-orange.fr,Vietnam,smarshallba,ieBCW8Xja9,100.195.188.106
Alan,Thompson,athompsonbb@baidu.com,China,athompsonbb,o8H3tchoElu,123.95.249.252
Jeffrey,Larson,jlarsonbc@cbc.ca,Colombia,jlarsonbc,u9dOwgOQq1ZU,91.77.135.140
Louise,Fuller,lfullerbd@auda.org.au,Argentina,lfullerbd,zG0ct7DlZOOX,95.190.15.145
Kenneth,Cox,kcoxbe@istockphoto.com,China,kcoxbe,EwITL35,254.222.104.195
Roger,Cox,rcoxbf@epa.gov,Poland,rcoxbf,GBkbruTr,51.139.37.85
Ernest,King,ekingbg@123-reg.co.uk,Russia,ekingbg,N1n2ANkPdF,146.212.3.219
Sandra,Thompson,sthompsonbh@sciencedirect.com,Portugal,sthompsonbh,2g0GeI,108.200.12.13
Joseph,Rivera,jriverabi@cisco.com,Azerbaijan,jriverabi,9xOYKSAVJA,67.95.137.140
Willie,Bishop,wbishopbj@lycos.com,China,wbishopbj,vgya4aYsu7P,16.126.89.80
Julia,Edwards,jedwardsbk@walmart.com,Peru,jedwardsbk,DohacxtfN4,58.240.33.226
Christina,Gonzales,cgonzalesbl@msn.com,Uruguay,cgonzalesbl,tCbIy8Id2w,15.171.124.216
Alice,Montgomery,amontgomerybm@berkeley.edu,South Korea,amontgomerybm,5xUDID,140.112.243.66
Elizabeth,Alvarez,ealvarezbn@com.com,Greece,ealvarezbn,iXXAolKmQ1K,85.211.163.235
Donald,Greene,dgreenebo@flavors.me,Philippines,dgreenebo,v8clTCOs2P,206.24.135.95
Lillian,Henderson,lhendersonbp@gravatar.com,Portugal,lhendersonbp,r5T3orVid41,126.73.135.59
Gary,Payne,gpaynebq@engadget.com,Finland,gpaynebq,RNKJuE,73.47.156.58
Denise,Smith,dsmithbr@amazon.de,Sweden,dsmithbr,YJvLSlMjZXw,4.101.102.78
Willie,Meyer,wmeyerbs@is.gd,China,wmeyerbs,bYraQ9q9XVq,8.65.140.83
Carl,Burton,cburtonbt@networksolutions.com,Tunisia,cburtonbt,zTyQmsXvIfYZ,102.148.86.37
Gary,Ellis,gellisbu@hao123.com,Ukraine,gellisbu,G2dB22n6wb,118.186.148.209
Sean,Ruiz,sruizbv@washington.edu,Canada,sruizbv,vBZeq1XkX9V,160.140.230.128
Lisa,Holmes,lholmesbw@aboutads.info,Canada,lholmesbw,dm4ciA6f,98.149.197.90
Paul,Freeman,pfreemanbx@flickr.com,Indonesia,pfreemanbx,LDxQvKSmu7wR,112.20.109.96
Robert,Montgomery,rmontgomeryby@wisc.edu,Czech Republic,rmontgomeryby,L6qT6TEI3VmH,198.145.243.36
Victor,Chavez,vchavezbz@cbsnews.com,China,vchavezbz,isnwbM,58.110.92.105
Wayne,Morris,wmorrisc0@woothemes.com,Russia,wmorrisc0,dYzPDe3yuT,147.29.83.49
Debra,Mills,dmillsc1@va.gov,Sweden,dmillsc1,DnIiRc,87.57.144.153
Donna,Fowler,dfowlerc2@who.int,Czech Republic,dfowlerc2,RAw2x09,188.211.87.59
Lillian,Ramos,lramosc3@dailymail.co.uk,Sweden,lramosc3,nvSYxyMYPkeS,3.212.182.241
Peter,Day,pdayc4@flavors.me,Indonesia,pdayc4,unOWgmCO,243.8.33.197
Daniel,Cox,dcoxc5@fotki.com,Indonesia,dcoxc5,mxqZCXG,192.32.155.65
Eugene,Duncan,eduncanc6@weebly.com,Russia,eduncanc6,RkWRf3uneY,184.140.7.229
Christina,Coleman,ccolemanc7@indiatimes.com,Peru,ccolemanc7,o1Tujtj3,103.154.14.30
Karen,Murray,kmurrayc8@oaic.gov.au,Philippines,kmurrayc8,3phwMEV2,71.9.250.18
Gloria,Ward,gwardc9@gmpg.org,Russia,gwardc9,myuNEJAjYMsm,218.232.75.53
Judy,Dixon,jdixonca@hud.gov,Poland,jdixonca,eEuiPuocH7l,124.142.23.245
Antonio,Hawkins,ahawkinscb@naver.com,Indonesia,ahawkinscb,Zrk4FV2jQt,180.182.172.7
Sandra,Clark,sclarkcc@google.es,Bulgaria,sclarkcc,Zv87t8U4G,201.15.54.97
Ann,Bryant,abryantcd@patch.com,China,abryantcd,Iz1sBAHmnU3a,111.24.24.47
Edward,Day,edayce@quantcast.com,China,edayce,hQhecNhh6O,17.6.146.201
Timothy,George,tgeorgecf@bizjournals.com,Poland,tgeorgecf,y3yRnQzWw,59.94.164.167
Joshua,Murray,jmurraycg@arizona.edu,Sweden,jmurraycg,Lace3mvfUHw6,197.102.147.108
Brenda,Lynch,blynchch@mlb.com,Japan,blynchch,RyBtEG,120.51.77.24
Irene,Hansen,ihansenci@ow.ly,Colombia,ihansenci,yQD0C5iYf,9.140.142.145
Wanda,Adams,wadamscj@slashdot.org,Philippines,wadamscj,DLYXfZe,19.18.97.143
Timothy,Miller,tmillerck@t.co,Mexico,tmillerck,ByjciG,240.247.240.202
Matthew,Turner,mturnercl@scientificamerican.com,Thailand,mturnercl,XeTm6TRV,247.174.120.100
Nancy,Taylor,ntaylorcm@ted.com,China,ntaylorcm,AKlCvr21aON,115.208.71.226
Raymond,Gutierrez,rgutierrezcn@zdnet.com,Mongolia,rgutierrezcn,PMvSKrVZAf,180.219.67.14
Willie,Howard,whowardco@gmpg.org,Vietnam,whowardco,J46hsqcoYS,214.87.141.67
Shawn,Hawkins,shawkinscp@netscape.com,Philippines,shawkinscp,Oh0Q4xTjJv,141.164.56.138
Julia,Ramirez,jramirezcq@webmd.com,Cuba,jramirezcq,nbiXcq,244.24.252.215
Roger,Cook,rcookcr@spiegel.de,Finland,rcookcr,2sOgRaNI3,169.88.230.25
Martin,Cunningham,mcunninghamcs@oakley.com,Poland,mcunninghamcs,OgxgAi3DJ,125.19.240.14
Marilyn,Morrison,mmorrisonct@youku.com,Poland,mmorrisonct,t299tWpoqB,51.38.188.152
Nancy,Adams,nadamscu@yahoo.com,China,nadamscu,yN3QUAu4XrY,88.71.235.136
Jessica,Sims,jsimscv@biblegateway.com,Armenia,jsimscv,7JyKNtQ,72.33.184.105
Lois,Jones,ljonescw@myspace.com,French Polynesia,ljonescw,EcxCpLpCq,214.177.75.119
Marilyn,Lawson,mlawsoncx@geocities.com,Philippines,mlawsoncx,EEqdoSO5b,235.31.119.210
Lawrence,Thomas,lthomascy@examiner.com,Senegal,lthomascy,Gtv6wz,250.251.192.77
Amanda,Ellis,aelliscz@barnesandnoble.com,Yemen,aelliscz,EatZS7T226oE,145.222.1.129
Phyllis,Medina,pmedinad0@ebay.com,Poland,pmedinad0,CsEANXjSg,179.99.238.190
Bruce,Russell,brusselld1@seattletimes.com,Portugal,brusselld1,0GwJzA,166.114.239.10
Ann,Washington,awashingtond2@intel.com,Peru,awashingtond2,EKbgUj,96.202.91.23
George,Sanchez,gsanchezd3@parallels.com,Russia,gsanchezd3,mBINgSpJDr,28.194.134.160
Beverly,Scott,bscottd4@hud.gov,Indonesia,bscottd4,QwLJrTFEOXVp,234.210.195.235
Joan,Franklin,jfranklind5@behance.net,Poland,jfranklind5,BJmpS2ynDD9n,85.13.157.27
Sarah,Rivera,sriverad6@hc360.com,Philippines,sriverad6,jYS6MjV5XaB,213.44.126.81
Donald,Lawson,dlawsond7@nydailynews.com,Poland,dlawsond7,Gw0uOogM,119.250.17.216
Craig,Roberts,crobertsd8@mapy.cz,Mexico,crobertsd8,InJLGHCy,82.198.164.66
Jose,Meyer,jmeyerd9@cnbc.com,Japan,jmeyerd9,PaT3Bw,11.236.155.69
Betty,Fisher,bfisherda@squarespace.com,China,bfisherda,To1C8TtY,232.179.75.110
Kevin,Anderson,kandersondb@foxnews.com,Tanzania,kandersondb,EFlueQ,106.57.45.249
Mary,Cole,mcoledc@elpais.com,Philippines,mcoledc,QMOXpOp,217.161.249.181
Arthur,Armstrong,aarmstrongdd@go.com,China,aarmstrongdd,KeXML4zNHJ,68.78.232.75
Nicole,Mitchell,nmitchellde@dmoz.org,China,nmitchellde,t3TOX8wg7mX,228.169.178.68
Kevin,Morgan,kmorgandf@utexas.edu,South Africa,kmorgandf,hKYu94H,63.10.33.128
Virginia,Howell,vhowelldg@jugem.jp,Indonesia,vhowelldg,63B6w7z,242.161.237.212
Helen,Welch,hwelchdh@wikipedia.org,China,hwelchdh,biYj0s,43.250.240.120
Clarence,Hunt,chuntdi@amazon.com,Thailand,chuntdi,xW1STYPi6,118.177.35.232
Maria,Franklin,mfranklindj@ow.ly,Brazil,mfranklindj,rTdenK,248.86.134.112
Howard,Hernandez,hhernandezdk@bravesites.com,Taiwan,hhernandezdk,kM5afeFB,43.94.114.8
Benjamin,Reynolds,breynoldsdl@free.fr,Indonesia,breynoldsdl,1JUMjO,182.177.81.209
Pamela,Vasquez,pvasquezdm@bbb.org,China,pvasquezdm,IbxBjZSs,211.187.13.168
Bobby,Alvarez,balvarezdn@google.pl,Brazil,balvarezdn,TaBQ5m,139.46.234.158
Martin,Williamson,mwilliamsondo@taobao.com,Indonesia,mwilliamsondo,Tjk4UtYmGTPJ,210.196.188.222
Gary,Snyder,gsnyderdp@naver.com,Indonesia,gsnyderdp,FJ4v1Ths0c,186.58.213.39
Helen,Howard,hhowarddq@yandex.ru,Philippines,hhowarddq,b8WKufzHcJJO,241.111.223.87
Jimmy,Richards,jrichardsdr@huffingtonpost.com,Sweden,jrichardsdr,PvwVzJb0w,33.73.236.47
Jason,Lawrence,jlawrenceds@wordpress.com,Portugal,jlawrenceds,uhbhmOwkYid,202.35.221.56
Raymond,Long,rlongdt@csmonitor.com,Brazil,rlongdt,zImKQHgdg,107.150.127.251
Willie,Gardner,wgardnerdu@accuweather.com,China,wgardnerdu,TLtcvF,207.15.98.230
James,Sims,jsimsdv@patch.com,Guatemala,jsimsdv,COsYrVIgpA,33.230.10.163
Mildred,Owens,mowensdw@nps.gov,Portugal,mowensdw,ddZL1QAxR,105.83.113.1
Matthew,Berry,mberrydx@goo.gl,Greece,mberrydx,1vXxCv1L,52.173.76.85
Adam,Medina,amedinady@friendfeed.com,Portugal,amedinady,qcetNa,21.97.92.170
Lisa,Murray,lmurraydz@odnoklassniki.ru,Rwanda,lmurraydz,klrkmDgg254j,199.54.49.212
Lois,Morrison,lmorrisone0@jiathis.com,Mauritius,lmorrisone0,g6sEYdfXURbX,44.32.55.189
Alan,Williams,awilliamse1@time.com,Azerbaijan,awilliamse1,enWKcyLZv,57.8.32.160
Rebecca,Mendoza,rmendozae2@ucoz.com,Nigeria,rmendozae2,X04kheAxji,69.71.248.194
Frank,Morris,fmorrise3@homestead.com,Russia,fmorrise3,LHrnMQA9xwC,18.185.253.17
Carolyn,Hicks,chickse4@weather.com,Russia,chickse4,1vzqjLTx,211.100.207.227
Alice,Martinez,amartineze5@senate.gov,Cameroon,amartineze5,2uky9J,100.189.187.153
Catherine,Morgan,cmorgane6@diigo.com,Palau,cmorgane6,vhmvMbT7Pp,122.190.130.144
Denise,Evans,devanse7@google.de,Indonesia,devanse7,Gvo8DcMDe,223.232.76.93
Lillian,Stephens,lstephense8@state.gov,Indonesia,lstephense8,gXD5UdVIfAm4,86.35.61.240
Angela,Jacobs,ajacobse9@cloudflare.com,China,ajacobse9,JwQaSz,162.69.111.2
Theresa,Baker,tbakerea@amazonaws.com,Greece,tbakerea,1plRQqaetx4,153.6.255.178
Virginia,Ryan,vryaneb@narod.ru,Nigeria,vryaneb,1xO9sG,206.88.61.38
Catherine,Young,cyoungec@reuters.com,France,cyoungec,ncBZ9I9XZhD,192.111.131.186
Tammy,Ross,trossed@google.com.au,Uganda,trossed,PRdYTJdc,198.50.183.14
Paul,Vasquez,pvasquezee@businessweek.com,Honduras,pvasquezee,ew50c05vOyZD,130.47.111.178
Eugene,Frazier,efrazieref@statcounter.com,China,efrazieref,JyuYN9r,60.223.18.145
William,Graham,wgrahameg@ihg.com,Russia,wgrahameg,0ClU2MM2hyF,184.203.140.144
Carolyn,Morris,cmorriseh@odnoklassniki.ru,China,cmorriseh,5M7pcy0gdC7,83.110.80.40
Paula,Peterson,ppetersonei@mtv.com,Indonesia,ppetersonei,xBik45,137.207.88.64
Sarah,Knight,sknightej@unblog.fr,China,sknightej,0B6oPvttPDXR,53.207.105.101
Pamela,Smith,psmithek@oracle.com,Mexico,psmithek,ffDPNqUjn,5.161.212.114
Lillian,Matthews,lmatthewsel@vistaprint.com,China,lmatthewsel,fuHtIrA,102.35.140.67
Rebecca,Castillo,rcastilloem@exblog.jp,Malaysia,rcastilloem,aFefd8bwlteD,198.181.239.90
Gloria,Young,gyoungen@reference.com,South Africa,gyoungen,ExowHEt,191.240.49.161
Ashley,Wallace,awallaceeo@telegraph.co.uk,Russia,awallaceeo,dJtDqdY,206.104.176.48
Kimberly,Fernandez,kfernandezep@gov.uk,Egypt,kfernandezep,JguNKgRu,170.9.77.204
Barbara,Williams,bwilliamseq@imdb.com,Philippines,bwilliamseq,0etYfhAX,175.70.182.95
Jeffrey,Morales,jmoraleser@state.gov,Greece,jmoraleser,Xr56wr0sro4,255.221.80.36
Kelly,Jenkins,kjenkinses@arizona.edu,United States,kjenkinses,uXqgZtAGgC,74.75.86.239
Angela,Lynch,alynchet@dion.ne.jp,Sri Lanka,alynchet,uUf89Sah9WC,108.124.240.253
Walter,Hansen,whanseneu@123-reg.co.uk,Japan,whanseneu,EE4HWW,143.60.116.72
Irene,Perkins,iperkinsev@domainmarket.com,Japan,iperkinsev,WIQxVVybijcz,247.246.211.75
Ruby,Brooks,rbrooksew@cmu.edu,Vietnam,rbrooksew,8b3ecQmLIlU,193.55.87.161
Joshua,Wright,jwrightex@pagesperso-orange.fr,Honduras,jwrightex,cNxJMTemdSpq,113.226.62.241
Carl,Payne,cpayneey@walmart.com,China,cpayneey,QVxz17BZST5e,59.178.10.30
Willie,Kennedy,wkennedyez@cocolog-nifty.com,Yemen,wkennedyez,lZ93Gx1CzJ,91.5.169.187
Marilyn,Watkins,mwatkinsf0@yale.edu,Poland,mwatkinsf0,gNntM3,23.230.88.55
James,Phillips,jphillipsf1@posterous.com,China,jphillipsf1,hlDxvV9BtM,63.251.112.233
Patricia,Meyer,pmeyerf2@prweb.com,Mongolia,pmeyerf2,W6cJo2aPbWe,204.22.223.179
Louise,Bailey,lbaileyf3@paypal.com,Croatia,lbaileyf3,Y8IsmL,18.237.102.78
Ronald,Washington,rwashingtonf4@rediff.com,Azerbaijan,rwashingtonf4,5M9isEY0bkr,207.171.114.239
Richard,Powell,rpowellf5@illinois.edu,Japan,rpowellf5,MgJJxbppCcnT,19.99.136.85
Jennifer,James,jjamesf6@gov.uk,China,jjamesf6,UHmVMymWq,233.99.89.230
Sean,Hernandez,shernandezf7@newyorker.com,Colombia,shernandezf7,kvx8zSXGNlA,225.11.210.174
Bonnie,Knight,bknightf8@twitpic.com,Germany,bknightf8,M7ZWkBv4JJ,32.100.130.150
Rebecca,Gilbert,rgilbertf9@linkedin.com,Philippines,rgilbertf9,A0GbWPHEex,221.86.13.61
Stephanie,Moreno,smorenofa@ebay.co.uk,China,smorenofa,brm01fUq6,231.102.139.188
Mildred,Parker,mparkerfb@stanford.edu,Indonesia,mparkerfb,vJafxaVZtz9,17.65.19.54
Wanda,Sims,wsimsfc@linkedin.com,Thailand,wsimsfc,a1SfAjF,241.97.252.121
Patrick,Morgan,pmorganfd@nih.gov,Sweden,pmorganfd,VJxoBTNr,99.161.125.33
Christine,Gonzalez,cgonzalezfe@google.de,Greece,cgonzalezfe,oX98BGcqk,13.57.45.181
Christopher,Richards,crichardsff@mlb.com,Philippines,crichardsff,FOEo8Jbu4,207.1.132.250
Cynthia,Perez,cperezfg@timesonline.co.uk,Indonesia,cperezfg,nTnmL9Z,179.52.8.93
Bonnie,Marshall,bmarshallfh@upenn.edu,Malta,bmarshallfh,gAuRjZqs,247.49.161.120
Johnny,Russell,jrussellfi@cdc.gov,Indonesia,jrussellfi,KTMGapQyP,136.2.230.210
Helen,Ramos,hramosfj@devhub.com,China,hramosfj,xoFkFEMiw3b8,231.178.38.27
Carolyn,Bowman,cbowmanfk@hud.gov,Russia,cbowmanfk,BFqdX1inFL,181.50.126.200
Tammy,Mendoza,tmendozafl@netlog.com,Sweden,tmendozafl,cg0ove3y,179.239.228.53
Shawn,Lee,sleefm@rambler.ru,Bulgaria,sleefm,hphkzo,250.89.74.138
Mildred,Warren,mwarrenfn@gnu.org,Belarus,mwarrenfn,esnGNq4,19.250.121.157
Kenneth,Cook,kcookfo@hubpages.com,Mali,kcookfo,PYTKMEghJS,176.27.247.22
Janet,Lewis,jlewisfp@wikispaces.com,Canada,jlewisfp,JtotOxW,229.93.198.144
Wanda,Reed,wreedfq@prweb.com,Nicaragua,wreedfq,3Zzlh2,201.82.94.25
Keith,Mitchell,kmitchellfr@cocolog-nifty.com,Portugal,kmitchellfr,p8IlMyNkeqw,196.199.200.91
Larry,Bennett,lbennettfs@hud.gov,United States,lbennettfs,BDTaPdojv,57.30.186.106
Henry,Ward,hwardft@slideshare.net,France,hwardft,8et2d3P,229.229.212.69
Craig,Willis,cwillisfu@earthlink.net,Bosnia and Herzegovina,cwillisfu,4854BttCA,172.169.61.130
Jean,Allen,jallenfv@ucoz.ru,Indonesia,jallenfv,rhHBeZcRWp,112.242.38.187
Karen,Ryan,kryanfw@google.co.uk,Brazil,kryanfw,e58OzyXaHsn,62.232.164.16
Stephen,Howell,showellfx@bbb.org,Afghanistan,showellfx,9JHxUEH,15.44.23.1
Victor,Gardner,vgardnerfy@miibeian.gov.cn,China,vgardnerfy,h1qbrNGs,142.70.40.25
Kevin,Fernandez,kfernandezfz@uiuc.edu,Sweden,kfernandezfz,AGGK2hP,84.178.142.212
Bonnie,Brooks,bbrooksg0@about.me,China,bbrooksg0,4VdIEE,236.138.34.242
Gary,Fernandez,gfernandezg1@howstuffworks.com,Indonesia,gfernandezg1,JI1dZts8XF,96.110.172.46
Gloria,Lawrence,glawrenceg2@youtu.be,Brazil,glawrenceg2,7ghuQEP69P7p,177.54.127.247
Joyce,Castillo,jcastillog3@imdb.com,Russia,jcastillog3,fByxQn14,60.92.27.59
Gary,Brooks,gbrooksg4@hibu.com,Philippines,gbrooksg4,Dw4EDS,92.2.127.15
Jerry,Griffin,jgriffing5@odnoklassniki.ru,Bangladesh,jgriffing5,113xo3,36.130.166.246
Joan,Spencer,jspencerg6@mayoclinic.com,Indonesia,jspencerg6,laI2ysoGuwMR,137.56.212.161
Bobby,Stevens,bstevensg7@cpanel.net,China,bstevensg7,TgFdowygMm5h,232.223.16.13
David,Larson,dlarsong8@sohu.com,United States,dlarsong8,Vmz9W9ofR,163.119.164.242
Pamela,Moreno,pmorenog9@uiuc.edu,France,pmorenog9,OYUKi0CPWTqM,246.5.143.31
Michelle,Schmidt,mschmidtga@amazonaws.com,China,mschmidtga,Ekfz5DizN1J,162.216.117.186
Jane,Parker,jparkergb@seesaa.net,Canada,jparkergb,7DeVzDCQjDe,169.109.245.173
Andrea,Roberts,arobertsgc@freewebs.com,Brazil,arobertsgc,v5L5tfmS2F,245.31.219.222
Philip,White,pwhitegd@tumblr.com,Pakistan,pwhitegd,Pf7AYalmE3,73.3.218.108
Michael,Watson,mwatsonge@dedecms.com,Spain,mwatsonge,Hb1aCOjOiwo,49.154.185.230
Harry,Palmer,hpalmergf@pcworld.com,China,hpalmergf,bEwHXGoSCA5Y,115.133.193.151
Kimberly,Henderson,khendersongg@wikia.com,Brazil,khendersongg,rHftcdN2,164.96.95.170
Matthew,Turner,mturnergh@bing.com,China,mturnergh,lz2KvT5Qr0D,165.171.203.251
Timothy,Ruiz,truizgi@123-reg.co.uk,Ukraine,truizgi,P11Hw8E7,82.207.124.33
Bruce,Willis,bwillisgj@dot.gov,Nigeria,bwillisgj,olH5oZ3K,92.179.220.16
Walter,Watson,wwatsongk@cocolog-nifty.com,Portugal,wwatsongk,sI0MBC2tI,208.182.130.90
Janet,Fox,jfoxgl@cloudflare.com,Russia,jfoxgl,U6gmJ7x1o,174.210.45.39
Douglas,Woods,dwoodsgm@auda.org.au,Peru,dwoodsgm,xDi4p2JDry,10.42.240.80
Jesse,King,jkinggn@businessweek.com,Argentina,jkinggn,kjPGJDq,136.69.122.254
Sandra,Hawkins,shawkinsgo@squarespace.com,France,shawkinsgo,ZpKBb1CllE,220.60.194.32
Rebecca,Meyer,rmeyergp@netscape.com,Brazil,rmeyergp,sSbCPkF9,182.112.87.209
Ruby,Fisher,rfishergq@illinois.edu,Russia,rfishergq,OJulk2ONk,88.212.188.50
Marilyn,Andrews,mandrewsgr@microsoft.com,Indonesia,mandrewsgr,IEtkdCgo5,17.216.71.232
Rachel,Hunter,rhuntergs@cbsnews.com,Peru,rhuntergs,VsSi0C,107.204.61.45
Margaret,Lawson,mlawsongt@list-manage.com,Ireland,mlawsongt,4epOWTXO,88.74.18.243
Pamela,Mason,pmasongu@cocolog-nifty.com,China,pmasongu,sJ1XIfsCE,108.106.231.108
Henry,Wheeler,hwheelergv@nih.gov,Philippines,hwheelergv,WUdVwVfY,71.64.20.227
Lois,Tucker,ltuckergw@deviantart.com,Indonesia,ltuckergw,3vAoc7y,182.244.86.46
Philip,Ruiz,pruizgx@wikia.com,China,pruizgx,4Hnw68,128.65.213.125
Sharon,Morrison,smorrisongy@oakley.com,Finland,smorrisongy,tznzLf,221.225.91.185
Roy,Morrison,rmorrisongz@github.com,Indonesia,rmorrisongz,qF6GljwWD,177.175.44.30
Alice,Wood,awoodh0@mail.ru,Egypt,awoodh0,XU21kIWJTN,233.187.30.137
Tammy,West,twesth1@php.net,Brazil,twesth1,QnO6Vnqto,255.64.88.170
Martin,Richardson,mrichardsonh2@usnews.com,Russia,mrichardsonh2,WFf3Vv,162.156.195.71
Diana,Hernandez,dhernandezh3@vistaprint.com,Brazil,dhernandezh3,8MImHZl,203.206.78.85
Mark,Parker,mparkerh4@nih.gov,Bulgaria,mparkerh4,3uzIcxOz5,72.186.146.237
Daniel,Griffin,dgriffinh5@youtu.be,Indonesia,dgriffinh5,hJqgBhd6cr,142.15.15.170
Benjamin,Gutierrez,bgutierrezh6@stumbleupon.com,Colombia,bgutierrezh6,dzRzfu,129.127.232.153
Sara,Reid,sreidh7@indiatimes.com,Indonesia,sreidh7,oGRKd1z,95.226.3.181
Johnny,Meyer,jmeyerh8@guardian.co.uk,China,jmeyerh8,cYGOWMiM0,248.203.204.136
Joyce,Franklin,jfranklinh9@tuttocitta.it,China,jfranklinh9,717wP7vKu6WZ,12.49.252.43
Jonathan,Gonzales,jgonzalesha@bbb.org,China,jgonzalesha,dLh3Zf,174.249.105.101
Raymond,Spencer,rspencerhb@deviantart.com,Iraq,rspencerhb,1ZJoOyMKK,11.19.232.0
Jose,Alexander,jalexanderhc@i2i.jp,China,jalexanderhc,uM0bpioJlf,217.72.168.21
Janet,Elliott,jelliotthd@smh.com.au,Argentina,jelliotthd,ZSfXKa,149.142.36.33
Scott,James,sjameshe@moonfruit.com,China,sjameshe,mOgQ3HayP9,100.33.171.151
Jennifer,Carpenter,jcarpenterhf@drupal.org,Serbia,jcarpenterhf,fPq7O1,237.110.177.137
Brian,Hernandez,bhernandezhg@ask.com,Comoros,bhernandezhg,HPZwx5y2aFdC,139.91.251.92
Annie,Dunn,adunnhh@huffingtonpost.com,Botswana,adunnhh,RJtVJXwEARyq,65.17.229.164
Ann,Garcia,agarciahi@storify.com,China,agarciahi,k46z8cWAgisg,61.184.35.187
Debra,Reynolds,dreynoldshj@columbia.edu,Belarus,dreynoldshj,qoHg7sY,137.119.228.40
Jonathan,Meyer,jmeyerhk@ihg.com,Philippines,jmeyerhk,Y7UwoiOjAB,18.159.179.43
Chris,Andrews,candrewshl@cisco.com,Czech Republic,candrewshl,ZvYoN4OrapfR,55.50.233.70
Alice,Bradley,abradleyhm@bbc.co.uk,China,abradleyhm,XsUPsS,140.65.160.240
Justin,Larson,jlarsonhn@indiatimes.com,Sweden,jlarsonhn,Sg9QaaSwh,132.116.186.27
Jimmy,Diaz,jdiazho@tiny.cc,Russia,jdiazho,AdcOfuFFUiZ,76.30.181.161
Brandon,Gonzales,bgonzaleshp@1und1.de,Philippines,bgonzaleshp,e1T2CTdiP6,253.5.252.208
Roger,Owens,rowenshq@amazonaws.com,Belarus,rowenshq,V7sYmvY,137.206.55.162
Kenneth,Garcia,kgarciahr@alexa.com,Indonesia,kgarciahr,IaD1nE4,70.131.40.146
Louise,Walker,lwalkerhs@studiopress.com,Samoa,lwalkerhs,7h6L5kLJH,142.135.62.122
Roy,Taylor,rtaylorht@4shared.com,Poland,rtaylorht,8FfzPA,28.50.223.138
Alice,Smith,asmithhu@bbb.org,Indonesia,asmithhu,k9hQkT,1.41.244.16
Justin,Fowler,jfowlerhv@parallels.com,North Korea,jfowlerhv,s8Iy4oxW,114.186.44.9
Willie,Young,wyounghw@mashable.com,Mexico,wyounghw,iSStwVt3Cu,129.27.179.110
Nicholas,Ramirez,nramirezhx@narod.ru,France,nramirezhx,8yVeXWIr1lvu,98.235.191.12
Nicole,Mitchell,nmitchellhy@wunderground.com,China,nmitchellhy,afMT7P,106.91.14.26
Lois,Cole,lcolehz@ted.com,Brazil,lcolehz,1WP14FzFA,147.215.239.39
Scott,Walker,swalkeri0@squidoo.com,Norway,swalkeri0,4Pfi3EZvA6,136.153.165.72
Helen,Hill,hhilli1@telegraph.co.uk,Poland,hhilli1,bCurgqmtvU0,174.71.70.235
Kathy,Riley,krileyi2@live.com,Indonesia,krileyi2,jT98rbD,216.137.130.117
Anne,Young,ayoungi3@naver.com,China,ayoungi3,xiTdObOWYVfi,162.218.49.215
Russell,Woods,rwoodsi4@nymag.com,Indonesia,rwoodsi4,tz2YNg,7.248.5.192
Dorothy,Watkins,dwatkinsi5@behance.net,Indonesia,dwatkinsi5,ezwlMhdebVE,101.36.235.48
Roy,Ortiz,rortizi6@shop-pro.jp,Poland,rortizi6,qcV5aNXPYcxk,144.78.20.163
Joyce,Larson,jlarsoni7@clickbank.net,Russia,jlarsoni7,jc8c8u,65.128.88.103
Sandra,Jordan,sjordani8@vinaora.com,Philippines,sjordani8,8fyYurMZnAWe,136.142.253.153
Gerald,Ramos,gramosi9@about.com,China,gramosi9,kDz0uqZ240h,139.74.2.31
Bobby,Olson,bolsonia@theglobeandmail.com,Norway,bolsonia,DvZTzRHM,105.127.226.35
Bruce,Howard,bhowardib@dailymotion.com,Japan,bhowardib,SKwCcXvkr,149.174.154.9
Diane,Armstrong,darmstrongic@cbc.ca,Lebanon,darmstrongic,LCRC0V1T,103.44.140.161
Johnny,Price,jpriceid@wufoo.com,Ukraine,jpriceid,aj9zKwXLLE3p,234.221.197.60
Marie,Morgan,mmorganie@hugedomains.com,Canada,mmorganie,boz6g5mt8U,5.17.8.6
Cheryl,Morrison,cmorrisonif@myspace.com,Indonesia,cmorrisonif,ndXV5yv,131.49.45.117
Judy,Richardson,jrichardsonig@usda.gov,Poland,jrichardsonig,byXFMUj3XfU,231.130.229.112
Jason,Kelly,jkellyih@scientificamerican.com,Barbados,jkellyih,ARHZ6SNDfr,133.165.146.253
Sharon,Stanley,sstanleyii@theglobeandmail.com,China,sstanleyii,GSnKP7NyJF,200.69.27.133
Ruby,King,rkingij@taobao.com,Poland,rkingij,TSYdE8ZN9,249.14.210.247
Henry,Boyd,hboydik@spiegel.de,Portugal,hboydik,lIWWvebjdn,100.54.119.139
Marilyn,Rodriguez,mrodriguezil@nifty.com,Denmark,mrodriguezil,d1811moA7vQ,78.16.71.127
Donna,Mitchell,dmitchellim@reference.com,Brazil,dmitchellim,6ZFNm1,139.57.44.61
David,Carr,dcarrin@sourceforge.net,Canada,dcarrin,7mKB3z,8.227.237.5
Jeffrey,Freeman,jfreemanio@symantec.com,Indonesia,jfreemanio,lQjXqyt,161.51.72.253
Eugene,Butler,ebutlerip@cbsnews.com,Indonesia,ebutlerip,rSgAtPTK,210.73.133.44
Joan,Hicks,jhicksiq@ebay.com,Philippines,jhicksiq,oQAKKOK0FHJ,154.167.87.163
Joyce,Ramos,jramosir@ameblo.jp,Brazil,jramosir,bHwGUzVEUv,118.82.43.32
Douglas,Harrison,dharrisonis@irs.gov,Nigeria,dharrisonis,dUclPA,248.214.208.206
Anne,Berry,aberryit@mayoclinic.com,Israel,aberryit,9F1JYDNAxz3M,131.78.54.192
Douglas,Price,dpriceiu@discuz.net,China,dpriceiu,ufThutsS,23.24.92.250
Anthony,Ryan,aryaniv@addthis.com,Indonesia,aryaniv,FjafZvr,111.35.194.14
Andrea,Bell,abelliw@mozilla.com,Marshall Islands,abelliw,QpK8jWu,234.66.164.108
Catherine,Bradley,cbradleyix@java.com,China,cbradleyix,UWmB0kfNaXK,251.57.152.234
Charles,Lane,claneiy@addtoany.com,China,claneiy,RvUWKw,108.121.138.3
Alan,Garrett,agarrettiz@shareasale.com,Ukraine,agarrettiz,DUWEvm,70.215.144.41
Lisa,Taylor,ltaylorj0@cargocollective.com,Sweden,ltaylorj0,ueTIwV4qkR,61.115.233.76
Louise,Stewart,lstewartj1@hexun.com,Germany,lstewartj1,Lhfden,133.5.243.155
Christopher,Jones,cjonesj2@xrea.com,China,cjonesj2,2a200x21D,45.76.200.234
Mildred,Stevens,mstevensj3@taobao.com,Indonesia,mstevensj3,WQhvnprEwQU,85.112.52.38
Amy,Thomas,athomasj4@sphinn.com,Philippines,athomasj4,BvROOaMyy,110.244.172.104
Martin,Long,mlongj5@sogou.com,Russia,mlongj5,g8oRh8fDT1q,242.76.23.182
Nicholas,Nichols,nnicholsj6@cloudflare.com,Iran,nnicholsj6,V8I2NwzjVPRz,195.180.93.223
Laura,Johnson,ljohnsonj7@addtoany.com,Japan,ljohnsonj7,4rRYQC9Z,101.192.210.150
Johnny,Kennedy,jkennedyj8@prnewswire.com,China,jkennedyj8,iJQgHBUtNfG,71.121.239.6
Jesse,Roberts,jrobertsj9@unc.edu,Russia,jrobertsj9,QbFdxloTePeQ,118.101.58.128
Jane,Larson,jlarsonja@icio.us,Philippines,jlarsonja,gFzq4ewwDTu,95.140.81.142
Benjamin,Hayes,bhayesjb@sciencedaily.com,Indonesia,bhayesjb,yNkBa47,105.35.38.146
Jeremy,Thomas,jthomasjc@aol.com,Philippines,jthomasjc,SnYUTNwsxD,81.110.216.2
Gary,Olson,golsonjd@yolasite.com,Albania,golsonjd,3vMTtLJWMm,153.71.18.14
Juan,Collins,jcollinsje@tmall.com,Indonesia,jcollinsje,TlPEmR0PA7e,13.202.100.108
Eugene,Kennedy,ekennedyjf@yahoo.com,Philippines,ekennedyjf,7fGB6zfNmCUU,146.105.148.18
Harry,Williamson,hwilliamsonjg@dropbox.com,Canada,hwilliamsonjg,yXtDWu69EP,246.157.154.10
Jerry,Torres,jtorresjh@phoca.cz,Russia,jtorresjh,h8SIzV0,81.195.104.195
Cheryl,Ray,crayji@stanford.edu,China,crayji,kyHR8uQwTa,92.102.12.90
Tammy,Davis,tdavisjj@earthlink.net,Syria,tdavisjj,pxaiWUr,42.183.108.142
Louise,Greene,lgreenejk@diigo.com,Canada,lgreenejk,hvhLGpaVh2ds,230.163.83.174
Carol,Powell,cpowelljl@pbs.org,China,cpowelljl,sWbCb2fd,176.187.18.214
Steve,Johnston,sjohnstonjm@auda.org.au,China,sjohnstonjm,USzhcI2pw6,151.248.0.49
Todd,Black,tblackjn@businessweek.com,Japan,tblackjn,4sZBvxJzgTd,162.155.165.48
Billy,Wright,bwrightjo@boston.com,French Polynesia,bwrightjo,h9VDkQ2N,232.255.116.41
Karen,Bailey,kbaileyjp@fotki.com,China,kbaileyjp,UwnK9wrk,4.1.91.111
Jason,Warren,jwarrenjq@tripod.com,Russia,jwarrenjq,mQ1bT2,11.148.178.54
Larry,Gutierrez,lgutierrezjr@time.com,Portugal,lgutierrezjr,ASLLx814v5K,37.19.159.84
Amanda,Grant,agrantjs@bravesites.com,Argentina,agrantjs,WPo60OpJb,252.120.90.47
Aaron,Peters,apetersjt@nps.gov,Angola,apetersjt,JwPRdP2FXPt,120.189.46.252
Margaret,Chapman,mchapmanju@webs.com,Sint Maarten,mchapmanju,mRA7oHFfsH,67.131.255.58
Melissa,Jones,mjonesjv@ameblo.jp,China,mjonesjv,1yn4UYXiC,80.97.213.174
Donald,Moreno,dmorenojw@wisc.edu,Indonesia,dmorenojw,piIJtA31,180.16.154.255
Kelly,Graham,kgrahamjx@unc.edu,China,kgrahamjx,k4qQvIw6,29.40.230.153
Jeffrey,Diaz,jdiazjy@spotify.com,Iran,jdiazjy,mOrZOx,150.114.94.72
Adam,Diaz,adiazjz@bigcartel.com,Russia,adiazjz,AfxuyessLIiL,96.192.103.79
Joseph,Murphy,jmurphyk0@infoseek.co.jp,Brazil,jmurphyk0,YsFBLM,61.162.203.137
Shirley,Gonzales,sgonzalesk1@craigslist.org,Russia,sgonzalesk1,tsAQOXB,75.173.124.48
John,Torres,jtorresk2@cloudflare.com,Russia,jtorresk2,zTyNegb6,65.88.46.29
Bobby,Ortiz,bortizk3@blogs.com,Macedonia,bortizk3,REpiMdBG,64.42.43.85
Virginia,Powell,vpowellk4@mail.ru,France,vpowellk4,bvBT21XMYC,126.47.164.110
Norma,Fuller,nfullerk5@hp.com,Macedonia,nfullerk5,n0nKfcQRQ9,236.126.117.235
Donna,Rodriguez,drodriguezk6@examiner.com,Indonesia,drodriguezk6,2eELw88yPI,196.32.83.69
Cynthia,Coleman,ccolemank7@networkadvertising.org,New Zealand,ccolemank7,RuVSFDwKXT,62.3.241.40
Lois,Sanders,lsandersk8@drupal.org,Indonesia,lsandersk8,SaSWBjRbAB,250.91.20.101
Linda,Fowler,lfowlerk9@spotify.com,South Africa,lfowlerk9,P05g8zjS,103.243.138.163
Ruth,Holmes,rholmeska@pagesperso-orange.fr,France,rholmeska,d5fIVwMvwLZ,58.84.146.152
Mary,Hayes,mhayeskb@census.gov,Georgia,mhayeskb,lSexD4yvBfw0,124.133.187.63
Amy,Armstrong,aarmstrongkc@ibm.com,France,aarmstrongkc,9xO2xvd,23.173.104.99
Lois,Garrett,lgarrettkd@live.com,Poland,lgarrettkd,qSHWY3H1ylPa,27.249.245.43
Clarence,Hunter,chunterke@state.tx.us,Morocco,chunterke,hlJu3G,116.108.243.57
Andrea,Nichols,anicholskf@geocities.jp,Venezuela,anicholskf,ARKX0Za,143.64.44.28
John,James,jjameskg@kickstarter.com,Azerbaijan,jjameskg,zjwiy1xBMMge,110.91.170.121
Tammy,Diaz,tdiazkh@dmoz.org,Colombia,tdiazkh,lVKtPuGe57,244.101.90.58
Cynthia,Reynolds,creynoldski@china.com.cn,China,creynoldski,2cZ7z7Hoic,98.165.30.165
Louis,Hernandez,lhernandezkj@baidu.com,Indonesia,lhernandezkj,ehaLOAAycG,191.60.210.28
Henry,Perry,hperrykk@geocities.com,Iran,hperrykk,TGE7jxEB,79.227.52.94
Stephanie,Stephens,sstephenskl@dmoz.org,Lithuania,sstephenskl,A7EdnG8C,184.229.18.47
Daniel,Gonzales,dgonzaleskm@pbs.org,Greece,dgonzaleskm,2D4LGpm4b,236.79.2.105
Jimmy,Bell,jbellkn@freewebs.com,China,jbellkn,hdvy64pPH,51.187.123.195
Marilyn,Hayes,mhayesko@alexa.com,Indonesia,mhayesko,RR07TZWT6ga,245.15.204.130
Linda,Warren,lwarrenkp@sphinn.com,China,lwarrenkp,A1reoEGh,106.171.185.115
Terry,Garrett,tgarrettkq@yellowbook.com,China,tgarrettkq,XWTZyO,102.121.138.8
Susan,Hill,shillkr@gravatar.com,Colombia,shillkr,1U56FKy,96.203.242.42
Aaron,Reid,areidks@go.com,Kuwait,areidks,F407vluZdMv,173.95.83.17
Matthew,Bell,mbellkt@statcounter.com,Indonesia,mbellkt,L4YZRjPzhu,168.78.226.50
Patricia,Adams,padamsku@google.com.au,Indonesia,padamsku,4PNDIUt4p,211.90.81.91
Lawrence,Powell,lpowellkv@instagram.com,Libya,lpowellkv,G4ZbRdx,29.85.145.103
Julia,Green,jgreenkw@senate.gov,Poland,jgreenkw,aB0MAndOY0,32.199.217.55
Jane,Perez,jperezkx@imdb.com,China,jperezkx,2WmchC,222.17.5.87
Anthony,Day,adayky@hc360.com,United States,adayky,ygVScZHnDi,17.247.251.214
Matthew,Bennett,mbennettkz@dedecms.com,China,mbennettkz,uKrLRMP7,159.252.200.149
Frank,Ramirez,framirezl0@hp.com,Indonesia,framirezl0,mKAFDqPAV,89.99.177.161
Jacqueline,Hunt,jhuntl1@google.it,Sweden,jhuntl1,4wtVWmHeWJ,108.132.88.68
Catherine,Fisher,cfisherl2@alexa.com,Peru,cfisherl2,sIhKrEKtYM,197.196.0.17
Phyllis,Larson,plarsonl3@fda.gov,Portugal,plarsonl3,Rmjl8qwTE,112.167.233.47
Lori,Hunt,lhuntl4@joomla.org,China,lhuntl4,E0YTwgLANDnf,105.91.197.208
Andrea,Watkins,awatkinsl5@yolasite.com,Poland,awatkinsl5,xLddy6XpdYh,11.167.98.79
Donna,Lawrence,dlawrencel6@ow.ly,Brazil,dlawrencel6,NZpiXRBxA,75.176.190.162
Stephanie,Perkins,sperkinsl7@weather.com,Canada,sperkinsl7,WMA2un1Nt,62.206.70.246
Andrew,Howell,ahowelll8@prnewswire.com,Thailand,ahowelll8,jpg2ZQOiL,175.122.197.173
Donna,Graham,dgrahaml9@senate.gov,Philippines,dgrahaml9,MjxjTmt3XvUl,213.144.38.10
Carl,Wood,cwoodla@comsenz.com,Zimbabwe,cwoodla,PXIkay,203.62.115.152
Heather,Vasquez,hvasquezlb@google.com.au,Ukraine,hvasquezlb,4jD46g,27.131.55.164
Victor,Stanley,vstanleylc@elegantthemes.com,Brazil,vstanleylc,P51vOrLL,32.161.207.18
Paula,Banks,pbanksld@histats.com,Russia,pbanksld,xPq95mXb,147.93.13.189
Wayne,Hayes,whayesle@tuttocitta.it,Philippines,whayesle,vzBGOv3,194.23.194.225
Bobby,Webb,bwebblf@ustream.tv,Poland,bwebblf,lotr5yFxo3XA,190.6.173.50
Sharon,Jordan,sjordanlg@blogs.com,Portugal,sjordanlg,jCVvG0m,67.171.159.230
Samuel,Davis,sdavislh@bbc.co.uk,Macedonia,sdavislh,OwUMXDcs1x,136.103.22.43
Lori,Freeman,lfreemanli@tiny.cc,Indonesia,lfreemanli,z4eU1QEwm,20.145.239.93
Maria,Harris,mharrislj@sourceforge.net,China,mharrislj,yhH8abPkp3W,35.0.252.99
Sean,Martinez,smartinezlk@vistaprint.com,Azerbaijan,smartinezlk,E1GSoTcY8,67.57.198.178
Harry,Young,hyoungll@bbb.org,China,hyoungll,vL4FlGqp47lO,222.84.43.188
Cheryl,Lynch,clynchlm@shutterfly.com,Sweden,clynchlm,rzhmJErOq6,82.121.35.154
Brenda,Greene,bgreeneln@timesonline.co.uk,China,bgreeneln,Mo8oJng7uqT,136.37.209.250
Julia,Turner,jturnerlo@1und1.de,Brazil,jturnerlo,dNq9DhHfGa,90.167.131.43
Ruth,Graham,rgrahamlp@canalblog.com,Indonesia,rgrahamlp,k63SWA1,220.203.126.201
Bruce,Reynolds,breynoldslq@oracle.com,Ukraine,breynoldslq,CKDsMpMe,217.238.96.175
Kimberly,Parker,kparkerlr@51.la,Indonesia,kparkerlr,zR9muqMnZ,240.124.255.12
Beverly,Henry,bhenryls@sourceforge.net,Sweden,bhenryls,oNZCi7lqT6AM,148.142.7.63
John,Foster,jfosterlt@meetup.com,China,jfosterlt,b9o35AAXTlz,241.7.192.151
Benjamin,Jenkins,bjenkinslu@netvibes.com,Thailand,bjenkinslu,rbs6OpTJrO3h,243.40.30.36
Linda,Bowman,lbowmanlv@oakley.com,Peru,lbowmanlv,fXgqbnCTjkA,114.154.123.7
Virginia,Martinez,vmartinezlw@cmu.edu,Peru,vmartinezlw,E2o92DpVOlms,27.144.231.190
Lisa,Harvey,lharveylx@pbs.org,Russia,lharveylx,LXx2D6ATb,147.27.121.105
Marilyn,Morales,mmoralesly@github.com,Ireland,mmoralesly,B37LH6c8,25.216.211.62
David,Gardner,dgardnerlz@deliciousdays.com,China,dgardnerlz,vOTo0PuGSdIt,78.250.121.17
Ernest,Shaw,eshawm0@about.me,Philippines,eshawm0,b1IUpd,33.220.99.132
Theresa,Carroll,tcarrollm1@washington.edu,China,tcarrollm1,4dzHHG7,237.56.46.167
Amanda,Stephens,astephensm2@harvard.edu,Uruguay,astephensm2,7AJppWTNvvr,224.147.85.38
Russell,Burton,rburtonm3@skyrock.com,Philippines,rburtonm3,ZgwPpTw,36.59.93.163
Lillian,Harris,lharrism4@ustream.tv,China,lharrism4,FFyT4ZZ,53.94.199.139
Tina,Warren,twarrenm5@ibm.com,Greece,twarrenm5,4XwidsCQ2Vc,128.45.145.20
Wayne,Wallace,wwallacem6@indiegogo.com,Russia,wwallacem6,Elhugpxh,74.202.148.31
Kathleen,Harvey,kharveym7@upenn.edu,China,kharveym7,wIlqpN,117.70.243.27
Carol,Myers,cmyersm8@ustream.tv,China,cmyersm8,HDM67aDtxy,222.216.152.54
Brenda,Lawson,blawsonm9@spiegel.de,Argentina,blawsonm9,kZ1tCuQe,174.55.79.15
Billy,Bradley,bbradleyma@odnoklassniki.ru,Nicaragua,bbradleyma,FrghG8zLhD,232.108.35.243
Anna,Matthews,amatthewsmb@yale.edu,China,amatthewsmb,A33LSjgI6pv7,134.255.4.116
Beverly,Hanson,bhansonmc@wisc.edu,China,bhansonmc,66if8uvirze,250.210.154.206
Deborah,Stanley,dstanleymd@ezinearticles.com,Indonesia,dstanleymd,h3LkARtZ,20.71.59.244
Kelly,Freeman,kfreemanme@google.com.au,China,kfreemanme,5tBdf0xMrcmQ,194.148.47.40
Fred,Hughes,fhughesmf@berkeley.edu,China,fhughesmf,KN2g792P4,197.24.138.118
Timothy,Hill,thillmg@shutterfly.com,Mongolia,thillmg,UpwwOM,120.177.45.20
Lori,Weaver,lweavermh@typepad.com,Nigeria,lweavermh,Ficq1zvPd,174.121.97.129
Wanda,Chavez,wchavezmi@slashdot.org,France,wchavezmi,zDWfzIE,109.87.73.73
Irene,Fuller,ifullermj@yahoo.co.jp,Azerbaijan,ifullermj,Vhmqrgj,105.162.180.195
Tammy,Ross,trossmk@miitbeian.gov.cn,France,trossmk,wM1hNGFK,8.149.228.90
Ann,Perkins,aperkinsml@angelfire.com,Portugal,aperkinsml,1rVNbikWYhK,120.116.144.59
Sara,Perkins,sperkinsmm@123-reg.co.uk,Philippines,sperkinsmm,U7KQ0pk,253.91.236.89
Willie,Butler,wbutlermn@arizona.edu,China,wbutlermn,fuwQIjQN,195.159.0.169
Sarah,Robinson,srobinsonmo@de.vu,South Africa,srobinsonmo,WM6Q2mJ,68.180.119.239
Ruth,Ellis,rellismp@amazon.co.jp,China,rellismp,k8mGZq,76.239.130.138
Annie,Henry,ahenrymq@over-blog.com,Indonesia,ahenrymq,dYVikf,229.51.75.152
Kimberly,Murray,kmurraymr@si.edu,Thailand,kmurraymr,xu15b5h,12.244.90.84
Carlos,Mcdonald,cmcdonaldms@ycombinator.com,Russia,cmcdonaldms,8iO1apCP,155.25.124.116
Elizabeth,Alexander,ealexandermt@biblegateway.com,Togo,ealexandermt,vEKeGb60LX,5.133.89.62
Samuel,Bishop,sbishopmu@dyndns.org,China,sbishopmu,JcUoY6,37.46.84.131
Betty,Perry,bperrymv@a8.net,Indonesia,bperrymv,4xAQcY8,88.154.108.222
Cynthia,Brown,cbrownmw@reference.com,Indonesia,cbrownmw,AsEqKCdONGD,47.47.244.167
Wayne,Mitchell,wmitchellmx@is.gd,Indonesia,wmitchellmx,CnPsjf,194.209.38.34
Craig,Sanders,csandersmy@bloglovin.com,China,csandersmy,TGjtlB,112.230.54.107
Steve,Price,spricemz@phpbb.com,Indonesia,spricemz,Y3GnLUqB,22.197.18.211
Nicholas,Torres,ntorresn0@google.nl,Russia,ntorresn0,qR4bI61Mi,4.43.132.8
Matthew,Washington,mwashingtonn1@ezinearticles.com,China,mwashingtonn1,NLgHDBEaOQR,225.57.76.105
Joseph,Perkins,jperkinsn2@prnewswire.com,Guatemala,jperkinsn2,AmIh2r,26.39.58.246
Walter,Hudson,whudsonn3@npr.org,Malaysia,whudsonn3,vkl2IVYVR24,189.8.106.96
Mark,Harvey,mharveyn4@dailymail.co.uk,Dominican Republic,mharveyn4,fhlxGswyXv1Z,40.103.128.242
Louis,Warren,lwarrenn5@blog.com,Bosnia and Herzegovina,lwarrenn5,KkG9I5K7,205.83.175.247
Earl,Pierce,epiercen6@godaddy.com,Japan,epiercen6,i3hRm1FaU5Rc,139.90.68.169
Nicole,Nichols,nnicholsn7@hostgator.com,Russia,nnicholsn7,3yRoOb0,241.97.54.185
Doris,Bradley,dbradleyn8@fastcompany.com,Iran,dbradleyn8,cfzkAh62Lr9E,63.91.82.113
Raymond,Ferguson,rfergusonn9@amazonaws.com,Albania,rfergusonn9,ovBGWgAvj8zH,105.190.78.144
Mary,Cunningham,mcunninghamna@google.ca,Portugal,mcunninghamna,K5Q69rG,158.21.102.0
Douglas,Chavez,dchaveznb@google.ca,Russia,dchaveznb,948bZZigdvI,32.136.96.182
Sarah,Murray,smurraync@ucoz.ru,Russia,smurraync,DL59TMqJ1Q,39.40.168.99
Beverly,Snyder,bsnydernd@cbslocal.com,Saudi Arabia,bsnydernd,FeTALj9,37.65.189.40
Linda,Kelley,lkelleyne@a8.net,Bolivia,lkelleyne,G2cbEYAh54j,204.129.173.233
Peter,Mason,pmasonnf@soundcloud.com,United States,pmasonnf,2P7edBu,94.116.152.184
Dennis,Simpson,dsimpsonng@apache.org,Indonesia,dsimpsonng,lCNOY0miAc9J,32.223.20.152
Paul,Hicks,phicksnh@4shared.com,China,phicksnh,G3r6aSr9N,250.83.17.52
Jane,Kelley,jkelleyni@yale.edu,Brazil,jkelleyni,y8rkaf,143.123.235.124
Gloria,Ross,grossnj@prweb.com,United States,grossnj,TJVys3,39.164.178.65
Eric,Diaz,ediaznk@indiegogo.com,Greece,ediaznk,x7qB9XEf,168.120.121.149
Robert,Gilbert,rgilbertnl@sfgate.com,Indonesia,rgilbertnl,1XkfuBEu,57.170.195.117
Debra,Ferguson,dfergusonnm@sbwire.com,Malawi,dfergusonnm,pXt86vl4,131.191.95.120
Todd,Mitchell,tmitchellnn@phpbb.com,Nigeria,tmitchellnn,LJT7nvQ2q4,159.50.186.203
Shirley,Warren,swarrenno@pinterest.com,China,swarrenno,AoAvEQ,24.252.84.140
Mark,Warren,mwarrennp@adobe.com,Sweden,mwarrennp,JytyYq0xv2f,144.175.206.144
Beverly,Graham,bgrahamnq@tamu.edu,China,bgrahamnq,quxUcvWozZ,5.236.55.176
Benjamin,Dean,bdeannr@jugem.jp,Spain,bdeannr,PmcsCX,103.217.33.62
Jimmy,Reid,jreidns@nba.com,Angola,jreidns,MStTmFZHv,234.43.76.170
Doris,Howard,dhowardnt@hud.gov,Czech Republic,dhowardnt,BGPElck,225.119.170.209
Joe,Torres,jtorresnu@vinaora.com,Philippines,jtorresnu,gJFodO70kz,21.195.59.226
Martha,Franklin,mfranklinnv@youtube.com,Norway,mfranklinnv,T0c4kLRd,100.54.149.200
Alice,Howard,ahowardnw@canalblog.com,Philippines,ahowardnw,9Io0Za9Z5MUn,211.96.78.147
Henry,Austin,haustinnx@pagesperso-orange.fr,China,haustinnx,nPas47JQou,118.135.193.35
Rose,Austin,raustinny@163.com,Kenya,raustinny,0vkJqXr2uf,232.194.31.251
Jacqueline,Jackson,jjacksonnz@shop-pro.jp,Philippines,jjacksonnz,IjhWdN,40.1.195.167
Anthony,King,akingo0@msu.edu,Indonesia,akingo0,p6yTxqMr,7.21.215.131
Sean,Mills,smillso1@geocities.jp,Indonesia,smillso1,JkghNJfjCLaE,103.6.89.61
Harold,Mason,hmasono2@macromedia.com,Philippines,hmasono2,W0P0zng,180.33.76.136
Jennifer,Mendoza,jmendozao3@webeden.co.uk,Russia,jmendozao3,zin7qo,138.207.113.248
Doris,Morrison,dmorrisono4@harvard.edu,Japan,dmorrisono4,kKVa7Rg,38.43.5.123
Jack,Sullivan,jsullivano5@cnet.com,Colombia,jsullivano5,ta25cvKiF,218.217.160.210
Janice,Greene,jgreeneo6@google.es,Honduras,jgreeneo6,lh7Sbba,66.166.252.232
Judy,Ross,jrosso7@github.io,Indonesia,jrosso7,60rn2Z0cp,199.84.32.126
Henry,Arnold,harnoldo8@pinterest.com,Portugal,harnoldo8,TKJ6yR,240.203.60.228
Joyce,Bishop,jbishopo9@who.int,China,jbishopo9,gh3LkY,196.19.73.197
Joseph,Hughes,jhughesoa@slate.com,Belarus,jhughesoa,LMiGEA1w,37.107.70.134
Joe,Hall,jhallob@issuu.com,Bosnia and Herzegovina,jhallob,0E2MEruzhW,16.104.222.155
Clarence,Hart,chartoc@nih.gov,Canada,chartoc,b9T1yE,154.123.153.37
Bruce,Montgomery,bmontgomeryod@hao123.com,China,bmontgomeryod,p0zzQYfvbXg,221.200.172.254
Lawrence,Stanley,lstanleyoe@slideshare.net,Macedonia,lstanleyoe,2YuqkvnBf1eR,160.192.176.82
Annie,James,ajamesof@shareasale.com,China,ajamesof,GtYwjPSs,20.85.221.87
Frances,Hall,fhallog@elegantthemes.com,China,fhallog,ZvwzQtdbUF,119.54.14.29
Janet,James,jjamesoh@ftc.gov,Nigeria,jjamesoh,TL6ePD,234.135.81.246
Nicole,Williamson,nwilliamsonoi@chicagotribune.com,Indonesia,nwilliamsonoi,m3UIXAX,45.174.131.233
Amanda,Stephens,astephensoj@deviantart.com,Honduras,astephensoj,CDU7Fp7,147.249.217.127
Rose,Powell,rpowellok@yahoo.co.jp,Poland,rpowellok,4V8RHcDtl,17.9.59.57
Edward,Franklin,efranklinol@so-net.ne.jp,Tuvalu,efranklinol,ImTnYB3Gk9,29.154.62.56
Brandon,Black,bblackom@umn.edu,Paraguay,bblackom,nVoHknP,63.183.51.129
Susan,Sanchez,ssanchezon@opensource.org,Philippines,ssanchezon,rIwORIs6ttL2,91.192.210.125
Frances,Smith,fsmithoo@google.com,Philippines,fsmithoo,4GsPjBpBE,14.69.139.128
Todd,Stewart,tstewartop@purevolume.com,China,tstewartop,d9syXZyORbqZ,183.162.234.22
Roger,Fuller,rfulleroq@diigo.com,Iraq,rfulleroq,lMSKI8T,44.240.198.30
Bobby,Sanchez,bsanchezor@reference.com,Russia,bsanchezor,wNoikL,89.117.204.95
Jeffrey,Reid,jreidos@ocn.ne.jp,Philippines,jreidos,lfa9YHOZA,128.105.40.135
Joseph,Jacobs,jjacobsot@theatlantic.com,China,jjacobsot,yN0itK8dngI,240.34.134.229
Jerry,Diaz,jdiazou@comcast.net,China,jdiazou,uebrdxOJV,133.249.136.30
Bruce,Mills,bmillsov@homestead.com,Indonesia,bmillsov,0rvTUVl,120.80.66.22
Wanda,Diaz,wdiazow@newyorker.com,Tanzania,wdiazow,p89IA9IKRa,157.231.74.10
Sandra,Sanchez,ssanchezox@cam.ac.uk,Indonesia,ssanchezox,1YJWyBy,110.181.14.127
Tammy,Brooks,tbrooksoy@furl.net,Poland,tbrooksoy,G1HfQslfbxN,76.96.150.8
Michelle,Garcia,mgarciaoz@smugmug.com,Madagascar,mgarciaoz,bv11xAwsxBfn,77.248.147.104
Justin,Freeman,jfreemanp0@yolasite.com,Iran,jfreemanp0,AlmGaUvvSlwv,96.192.115.115
Catherine,Turner,cturnerp1@ask.com,Afghanistan,cturnerp1,b4F5rT6Yua,194.171.3.135
Louise,Pierce,lpiercep2@accuweather.com,Philippines,lpiercep2,WRVDPE4t1,24.33.40.125
Brenda,Austin,baustinp3@imageshack.us,Russia,baustinp3,MjdLYQxYmUwS,218.130.110.24
Helen,Johnson,hjohnsonp4@noaa.gov,Indonesia,hjohnsonp4,b02YLVSD0,122.204.117.79
Christina,Graham,cgrahamp5@usnews.com,Sri Lanka,cgrahamp5,ActotHjDWjB,9.208.17.81
Marilyn,Clark,mclarkp6@cpanel.net,Thailand,mclarkp6,GLY5WKEZim1,238.170.170.211
Ernest,Wilson,ewilsonp7@soundcloud.com,Kazakhstan,ewilsonp7,Uy07obpmoQ,59.24.41.224
Steven,Ramirez,sramirezp8@redcross.org,Afghanistan,sramirezp8,qYris7eKRm,26.71.143.99
Angela,Marshall,amarshallp9@examiner.com,Hungary,amarshallp9,RygGbHmYk7,55.166.189.143
Emily,Cook,ecookpa@gov.uk,China,ecookpa,6bTmEd,187.41.98.208
Kathy,Reed,kreedpb@fc2.com,Peru,kreedpb,hl38ysB8O,74.251.227.90
Virginia,Barnes,vbarnespc@baidu.com,Indonesia,vbarnespc,1fPJOkr,156.97.7.115
Rebecca,Alexander,ralexanderpd@thetimes.co.uk,China,ralexanderpd,E2Wtgi0m0bA,24.94.232.32
Victor,Frazier,vfrazierpe@ox.ac.uk,China,vfrazierpe,69UklfaG,15.42.103.112
Jesse,Jones,jjonespf@taobao.com,China,jjonespf,Vm7zcL3wE3W7,145.210.205.58
Charles,Nelson,cnelsonpg@1688.com,Portugal,cnelsonpg,c6q90E,42.65.138.27
Janice,Graham,jgrahamph@jalbum.net,China,jgrahamph,dsMthxzuizbG,218.93.45.53
Jonathan,Turner,jturnerpi@joomla.org,Japan,jturnerpi,gCQYzF,85.26.65.222
Lillian,Torres,ltorrespj@storify.com,Venezuela,ltorrespj,ZxxjyLy,199.97.113.144
Mary,Sanders,msanderspk@smugmug.com,Portugal,msanderspk,X6K7QuqCBn,75.153.201.196
Rebecca,Carroll,rcarrollpl@constantcontact.com,Czech Republic,rcarrollpl,AehcrQfiib,209.237.209.74
Alice,Bishop,abishoppm@technorati.com,Gabon,abishoppm,8n9rHV,251.180.103.109
David,Howell,dhowellpn@ask.com,Brazil,dhowellpn,ahAAvFt,124.222.193.203
Dennis,Torres,dtorrespo@wikispaces.com,Germany,dtorrespo,6BQC4Z,44.206.14.29
Raymond,Meyer,rmeyerpp@diigo.com,Nigeria,rmeyerpp,3yNrUZz9,167.120.168.90
Alice,Patterson,apattersonpq@mail.ru,China,apattersonpq,fLbhPD4,214.67.16.76
Edward,Alexander,ealexanderpr@ycombinator.com,Russia,ealexanderpr,7fRlpgY,197.103.212.95
Sharon,Butler,sbutlerps@hud.gov,Botswana,sbutlerps,TTk7miGZWQ,10.228.177.61
Theresa,Harris,tharrispt@imdb.com,Indonesia,tharrispt,PGcKRq9oToCk,78.5.52.109
Bobby,Crawford,bcrawfordpu@cbc.ca,Philippines,bcrawfordpu,mp46aRtrFxx1,155.58.224.69
Ralph,Parker,rparkerpv@wired.com,Norway,rparkerpv,tGJjQh7EW,19.239.60.104
Sarah,Phillips,sphillipspw@goo.ne.jp,Tanzania,sphillipspw,oGK12Up,139.35.127.235
Carol,Johnson,cjohnsonpx@fotki.com,Uganda,cjohnsonpx,bv6xOyL551,75.100.117.164
Phyllis,Lane,planepy@census.gov,Democratic Republic of the Congo,planepy,J1mzY8Lh,234.87.215.63
Albert,Castillo,acastillopz@weebly.com,China,acastillopz,lE854Z,241.118.168.158
Cynthia,Murray,cmurrayq0@youtube.com,Czech Republic,cmurrayq0,J2TX0MvAU,182.218.231.140
Ryan,Reed,rreedq1@cdbaby.com,Tunisia,rreedq1,29akkRa,83.78.204.1
Russell,Henderson,rhendersonq2@dedecms.com,United Kingdom,rhendersonq2,DFBXgu,31.23.100.46
Antonio,Chavez,achavezq3@abc.net.au,Brazil,achavezq3,rbBABuxj3YJH,124.186.141.161
Alan,Rice,ariceq4@ameblo.jp,Brazil,ariceq4,HbpjBj7QZu,223.206.219.128
Willie,Mitchell,wmitchellq5@msu.edu,China,wmitchellq5,q6Md7vcXWCO,39.12.143.101
Christina,Romero,cromeroq6@studiopress.com,Dominican Republic,cromeroq6,NXOy8xGnL,157.115.223.69
Louise,Nichols,lnicholsq7@biglobe.ne.jp,China,lnicholsq7,2T1d4tUDs,105.125.200.190
Ernest,Black,eblackq8@stumbleupon.com,Sweden,eblackq8,loEueB1rm,143.240.111.238
Jeremy,Kelley,jkelleyq9@reverbnation.com,Russia,jkelleyq9,tawjqS,31.152.74.144
Julie,Reynolds,jreynoldsqa@census.gov,China,jreynoldsqa,dMP0mb0Zi,180.76.80.0
Jesse,Hernandez,jhernandezqb@facebook.com,Indonesia,jhernandezqb,wB2kSGrWqJKw,104.40.10.163
Eugene,Roberts,erobertsqc@nsw.gov.au,Indonesia,erobertsqc,usXohQm,248.27.164.182
Anne,Burke,aburkeqd@tripod.com,Bulgaria,aburkeqd,5sGXPz,87.237.216.34
Ann,Perkins,aperkinsqe@cbslocal.com,China,aperkinsqe,88U1kWXgub,95.165.255.58
Mark,Dean,mdeanqf@pbs.org,Greece,mdeanqf,GIcj7mee,37.16.255.177
Justin,Wheeler,jwheelerqg@microsoft.com,Sweden,jwheelerqg,3NdnHk8qUFR,233.177.177.30
Jeremy,Bennett,jbennettqh@geocities.com,Nigeria,jbennettqh,P0yDXSgMFk,189.81.243.8
Brian,Baker,bbakerqi@admin.ch,Russia,bbakerqi,2S46Ea7yi5w,154.126.182.188
Matthew,Brown,mbrownqj@google.com.hk,China,mbrownqj,YfUJ35Yf,64.198.240.190
Cynthia,Banks,cbanksqk@youtu.be,United States,cbanksqk,p42OPQ,44.144.23.17
Antonio,Fisher,afisherql@drupal.org,Poland,afisherql,fVTAqA,155.95.170.158
Susan,Lawrence,slawrenceqm@purevolume.com,China,slawrenceqm,p0BKxvq,54.207.126.15
Mark,Taylor,mtaylorqn@thetimes.co.uk,Vanuatu,mtaylorqn,gyrNtSUCpTE,223.34.164.105
Joyce,Austin,jaustinqo@zdnet.com,France,jaustinqo,LkkAgo82Z,255.145.173.126
Kathleen,Martinez,kmartinezqp@msu.edu,Sweden,kmartinezqp,erH7ky2TG9,213.91.3.226
Aaron,Ward,awardqq@cnet.com,Philippines,awardqq,tndxqL,74.173.255.60
Dennis,Meyer,dmeyerqr@cam.ac.uk,China,dmeyerqr,HzyshVKDW,40.175.5.226
Ann,Gonzalez,agonzalezqs@nps.gov,Philippines,agonzalezqs,Xu8lqVWoUbAi,87.132.251.180
Betty,Green,bgreenqt@dyndns.org,Indonesia,bgreenqt,clVfwJhzhiS,109.140.10.120
Virginia,Gibson,vgibsonqu@usgs.gov,Russia,vgibsonqu,Coi1bvBT26t,183.99.128.69
Daniel,Washington,dwashingtonqv@mediafire.com,Portugal,dwashingtonqv,La2YuPKBq,198.217.90.108
Tina,Hughes,thughesqw@va.gov,Ukraine,thughesqw,wis7qIz3m,18.179.19.173
Virginia,Ray,vrayqx@vk.com,Indonesia,vrayqx,7T2MEG,63.98.4.54
Daniel,Tucker,dtuckerqy@aboutads.info,China,dtuckerqy,BcZYXl97nH,92.42.130.244
Barbara,Allen,ballenqz@amazon.com,Canada,ballenqz,CkuHjcfA8jP6,76.135.210.131
Stephanie,Bell,sbellr0@blogspot.com,Brazil,sbellr0,3lqwqOkrJo8p,198.172.155.206
Thomas,Gibson,tgibsonr1@slideshare.net,Serbia,tgibsonr1,KNGxloq,7.188.122.94
Sandra,Bishop,sbishopr2@arizona.edu,Russia,sbishopr2,H3CruueJ9uU,115.106.137.79
Margaret,Bailey,mbaileyr3@wordpress.org,Rwanda,mbaileyr3,m6He6ZJd,48.34.215.131
Ronald,Phillips,rphillipsr4@pagesperso-orange.fr,Philippines,rphillipsr4,W6SMni,108.198.185.214
Alan,Reyes,areyesr5@alexa.com,Guatemala,areyesr5,gP8kPTv2c,255.83.104.52
Marie,Larson,mlarsonr6@elpais.com,Spain,mlarsonr6,NQu2oe,223.162.107.213
Christina,Kelley,ckelleyr7@xrea.com,France,ckelleyr7,VCG3IadT,200.62.112.182
Jerry,Hart,jhartr8@de.vu,Indonesia,jhartr8,SpVZCj28QQ,88.18.152.232
Jack,King,jkingr9@nytimes.com,Indonesia,jkingr9,4gFrcJMGw,10.138.180.57
Katherine,Robertson,krobertsonra@sbwire.com,Brazil,krobertsonra,RDsOlA,82.52.47.26
Randy,Fields,rfieldsrb@nsw.gov.au,Indonesia,rfieldsrb,Q2R5e0klo6P4,72.4.203.3
Kimberly,Alexander,kalexanderrc@sakura.ne.jp,Mexico,kalexanderrc,NsjGpzE,101.222.149.171
Paul,Andrews,pandrewsrd@globo.com,Russia,pandrewsrd,3wAleaWpl9,26.166.83.161
Jack,Carter,jcarterre@homestead.com,Germany,jcarterre,m49sWzTLhj5R,130.47.238.149
Anthony,Campbell,acampbellrf@lulu.com,China,acampbellrf,uiLA4HjMOc,84.134.228.116
Ann,Wilson,awilsonrg@csmonitor.com,Poland,awilsonrg,aEERnHGd9,157.103.42.109
John,Jenkins,jjenkinsrh@usnews.com,Israel,jjenkinsrh,OIDGw5,194.146.87.21
Judy,Matthews,jmatthewsri@nymag.com,Norway,jmatthewsri,vR5K80,215.67.255.228
Daniel,Peters,dpetersrj@hubpages.com,Russia,dpetersrj,audkZFLu9,223.79.149.108
Jason,Perry,jperryrk@bloglines.com,China,jperryrk,RajeEl5fXvDD,48.19.156.174
Helen,Graham,hgrahamrl@fda.gov,Sweden,hgrahamrl,h253LjSLehx,88.93.224.58
Kathy,Stewart,kstewartrm@yahoo.co.jp,Sweden,kstewartrm,OXX2AT,50.109.158.122
Harry,Robertson,hrobertsonrn@unblog.fr,Thailand,hrobertsonrn,mcwXwVuMWX,120.205.136.56
Chris,Bryant,cbryantro@wordpress.org,China,cbryantro,CF1ceMDpct,139.12.203.155
Paula,Chapman,pchapmanrp@usgs.gov,Armenia,pchapmanrp,tFXvMS,173.68.111.57
Keith,Tucker,ktuckerrq@cpanel.net,Dominican Republic,ktuckerrq,jqlOIRkzoy,107.228.107.48
Ashley,Parker,aparkerrr@psu.edu,United Kingdom,aparkerrr,m3QJgs,171.105.223.144
